day,time,강수확률,일최저기온,1시간기온,하늘상태,일최고기온,습도,풍향,1시간강수량,풍속
2022-07-01,0,0.0,24.0,25.0,1.0,32.0,90.0,137.0,0.0,2.1
2022-07-01,1,0.0,24.0,25.0,1.0,32.0,95.0,141.0,0.0,1.9
2022-07-01,2,0.0,24.0,24.0,1.0,32.0,95.0,146.0,0.0,2.3
2022-07-01,3,0.0,24.0,24.0,1.0,32.0,95.0,150.0,0.0,2.4
2022-07-01,4,0.0,24.0,24.0,1.0,32.0,95.0,158.0,0.0,2.4
2022-07-01,5,0.0,24.0,24.0,1.0,32.0,95.0,159.0,0.0,2.2
2022-07-01,6,0.0,24.0,24.0,1.0,32.0,95.0,157.0,0.0,2.3
2022-07-01,7,20.0,24.0,25.0,3.0,32.0,85.0,157.0,0.0,2.6
2022-07-01,8,30.0,24.0,27.0,4.0,32.0,85.0,155.0,0.0,3.1
2022-07-01,9,30.0,24.0,28.0,4.0,32.0,75.0,153.0,0.0,3.3
2022-07-01,10,30.0,24.0,29.0,4.0,32.0,70.0,155.0,0.0,3.5
2022-07-01,11,20.0,24.0,30.0,3.0,32.0,65.0,153.0,0.0,3.6
2022-07-01,12,30.0,24.0,31.0,4.0,32.0,60.0,153.0,0.0,3.7
2022-07-01,13,20.0,24.0,32.0,3.0,32.0,60.0,156.0,0.0,3.7
2022-07-01,14,20.0,24.0,32.0,3.0,32.0,55.0,161.0,0.0,3.6
2022-07-01,15,0.0,24.0,32.0,1.0,32.0,55.0,162.0,0.0,3.2
2022-07-01,16,0.0,24.0,32.0,1.0,32.0,50.0,162.0,0.0,2.8
2022-07-01,17,0.0,24.0,32.0,1.0,32.0,50.0,154.0,0.0,2.5
2022-07-01,18,0.0,24.0,31.0,1.0,32.0,55.0,153.0,0.0,2.5
2022-07-01,19,0.0,24.0,29.0,1.0,32.0,65.0,152.0,0.0,1.5
2022-07-01,20,0.0,24.0,28.0,1.0,32.0,70.0,151.0,0.0,1.3
2022-07-01,21,0.0,24.0,26.0,1.0,32.0,80.0,145.0,0.0,1.2
2022-07-01,22,0.0,24.0,25.0,1.0,32.0,85.0,132.0,0.0,1.2
2022-07-01,23,0.0,24.0,25.0,1.0,32.0,90.0,129.0,0.0,1.3
2022-07-02,0,0.0,24.0,24.0,1.0,32.0,90.0,121.0,0.0,1.2
2022-07-02,1,0.0,24.0,23.0,1.0,32.0,90.0,117.0,0.0,1.1
2022-07-02,2,0.0,24.0,23.0,1.0,32.0,90.0,121.0,0.0,1.2
2022-07-02,3,0.0,24.0,23.0,1.0,32.0,95.0,121.0,0.0,1.2
2022-07-02,4,0.0,24.0,22.0,1.0,32.0,95.0,117.0,0.0,1.1
2022-07-02,5,0.0,24.0,22.0,1.0,32.0,95.0,125.0,0.0,1.6
2022-07-02,6,0.0,24.0,22.0,1.0,32.0,95.0,120.0,0.0,1.6
2022-07-02,7,0.0,24.0,24.0,1.0,32.0,90.0,120.0,0.0,1.4
2022-07-02,8,0.0,24.0,26.0,1.0,32.0,85.0,125.0,0.0,1.2
2022-07-02,9,0.0,24.0,28.0,1.0,32.0,75.0,135.0,0.0,1.1
2022-07-02,10,0.0,24.0,30.0,1.0,32.0,65.0,141.0,0.0,1.3
2022-07-02,11,0.0,24.0,31.0,1.0,32.0,55.0,141.0,0.0,1.4
2022-07-02,12,0.0,24.0,33.0,1.0,32.0,50.0,128.0,0.0,1.6
2022-07-02,13,0.0,24.0,34.0,1.0,32.0,50.0,119.0,0.0,1.3
2022-07-02,14,20.0,24.0,35.0,3.0,32.0,45.0,103.0,0.0,0.9
2022-07-02,15,20.0,24.0,35.0,3.0,32.0,45.0,104.0,0.0,1.2
2022-07-02,16,20.0,24.0,35.0,3.0,32.0,40.0,128.0,0.0,1.6
2022-07-02,17,20.0,24.0,34.0,3.0,32.0,40.0,151.0,0.0,2.3
2022-07-02,18,60.0,24.0,33.0,3.0,32.0,60.0,177.0,10.0,1.8
2022-07-02,19,60.0,24.0,31.0,3.0,32.0,60.0,187.0,2.0,1.6
2022-07-02,20,0.0,24.0,29.0,1.0,32.0,65.0,184.0,0.0,1.3
2022-07-02,21,0.0,24.0,28.0,1.0,32.0,70.0,193.0,0.0,0.9
2022-07-02,22,0.0,24.0,26.0,1.0,32.0,75.0,156.0,0.0,1.0
2022-07-02,23,0.0,24.0,26.0,1.0,32.0,80.0,119.0,0.0,1.0
2022-07-03,0,30.0,24.0,26.0,4.0,33.0,85.0,125.0,0.0,1.9
2022-07-03,1,20.0,24.0,25.0,3.0,33.0,85.0,117.0,0.0,1.8
2022-07-03,2,30.0,24.0,25.0,4.0,33.0,90.0,105.0,0.0,1.5
2022-07-03,3,30.0,24.0,24.0,4.0,33.0,90.0,105.0,0.0,1.4
2022-07-03,4,30.0,24.0,24.0,4.0,33.0,90.0,110.0,0.0,1.1
2022-07-03,5,30.0,24.0,24.0,4.0,33.0,90.0,110.0,0.0,1.1
2022-07-03,6,30.0,24.0,24.0,4.0,33.0,90.0,110.0,0.0,1.1
2022-07-03,7,30.0,24.0,26.0,4.0,33.0,85.0,128.0,0.0,1.5
2022-07-03,8,30.0,24.0,27.0,4.0,33.0,75.0,129.0,0.0,1.7
2022-07-03,9,20.0,24.0,29.0,3.0,33.0,70.0,141.0,0.0,2.2
2022-07-03,10,20.0,24.0,30.0,3.0,33.0,60.0,145.0,0.0,2.6
2022-07-03,11,20.0,24.0,31.0,3.0,33.0,60.0,143.0,0.0,2.9
2022-07-03,12,30.0,24.0,32.0,4.0,33.0,55.0,146.0,0.0,3.1
2022-07-03,13,60.0,24.0,32.0,4.0,33.0,60.0,160.0,0.0,3.2
2022-07-03,14,60.0,24.0,32.0,4.0,33.0,60.0,158.0,5.0,3.1
2022-07-03,15,79.0,24.0,32.0,4.0,33.0,65.0,156.0,11.0,3.0
2022-07-03,16,20.0,24.0,33.0,3.0,33.0,60.0,157.0,0.0,3.2
2022-07-03,17,20.0,24.0,31.0,3.0,33.0,60.0,163.0,0.0,3.0
2022-07-03,18,30.0,24.0,30.0,4.0,33.0,65.0,165.0,0.0,2.4
2022-07-03,19,60.0,24.0,29.0,4.0,33.0,70.0,162.0,0.0,1.2
2022-07-03,20,20.0,24.0,28.0,3.0,33.0,75.0,160.0,0.0,0.9
2022-07-03,21,20.0,24.0,28.0,3.0,33.0,75.0,160.0,0.0,1.0
2022-07-03,22,20.0,24.0,26.0,3.0,33.0,80.0,148.0,0.0,1.1
2022-07-03,23,30.0,24.0,26.0,4.0,33.0,85.0,144.0,0.0,1.0
2022-07-04,0,30.0,25.0,26.0,4.0,32.0,85.0,135.0,0.0,2.8
2022-07-04,1,30.0,25.0,26.0,4.0,32.0,85.0,139.0,0.0,2.8
2022-07-04,2,30.0,25.0,25.0,4.0,32.0,85.0,134.0,0.0,2.8
2022-07-04,3,30.0,25.0,25.0,4.0,32.0,90.0,125.0,0.0,2.1
2022-07-04,4,30.0,25.0,25.0,4.0,32.0,90.0,115.0,0.0,1.7
2022-07-04,5,30.0,25.0,24.0,4.0,32.0,90.0,112.0,0.0,1.6
2022-07-04,6,30.0,25.0,25.0,4.0,32.0,90.0,106.0,0.0,1.8
2022-07-04,7,20.0,25.0,26.0,3.0,32.0,85.0,115.0,0.0,2.3
2022-07-04,8,30.0,25.0,27.0,4.0,32.0,80.0,120.0,0.0,3.0
2022-07-04,9,30.0,25.0,29.0,4.0,32.0,75.0,122.0,0.0,3.2
2022-07-04,10,20.0,25.0,30.0,3.0,32.0,70.0,124.0,0.0,2.9
2022-07-04,11,20.0,25.0,31.0,3.0,32.0,65.0,127.0,0.0,2.6
2022-07-04,12,20.0,25.0,31.0,3.0,32.0,65.0,129.0,0.0,2.8
2022-07-04,13,20.0,25.0,32.0,3.0,32.0,60.0,134.0,0.0,2.8
2022-07-04,14,60.0,25.0,32.0,3.0,32.0,60.0,135.0,6.0,2.7
2022-07-04,15,30.0,25.0,32.0,4.0,32.0,65.0,145.0,0.0,2.4
2022-07-04,16,30.0,25.0,31.0,4.0,32.0,65.0,148.0,0.0,1.9
2022-07-04,17,60.0,25.0,31.0,4.0,32.0,65.0,110.0,17.0,1.2
2022-07-04,18,60.0,25.0,30.0,4.0,32.0,65.0,53.0,4.0,1.0
2022-07-04,19,30.0,25.0,29.0,4.0,32.0,75.0,6.0,0.0,1.0
2022-07-04,20,60.0,25.0,28.0,4.0,32.0,80.0,10.0,3.0,1.1
2022-07-04,21,30.0,25.0,27.0,4.0,32.0,80.0,14.0,0.0,1.2
2022-07-04,22,30.0,25.0,26.0,4.0,32.0,85.0,18.0,0.0,0.9
2022-07-04,23,20.0,25.0,26.0,3.0,32.0,90.0,45.0,0.0,1.0
2022-07-05,0,30.0,25.0,26.0,4.0,31.0,90.0,153.0,0.0,0.7
2022-07-05,1,30.0,25.0,25.0,4.0,31.0,90.0,104.0,0.0,0.8
2022-07-05,2,30.0,25.0,25.0,4.0,31.0,95.0,157.0,0.0,0.8
2022-07-05,3,30.0,25.0,25.0,4.0,31.0,90.0,194.0,0.0,0.8
2022-07-05,4,30.0,25.0,25.0,4.0,31.0,95.0,240.0,0.0,0.8
2022-07-05,5,30.0,25.0,25.0,4.0,31.0,95.0,252.0,0.0,0.9
2022-07-05,6,30.0,25.0,25.0,4.0,31.0,95.0,270.0,0.0,0.8
2022-07-05,7,30.0,25.0,26.0,4.0,31.0,90.0,285.0,0.0,1.1
2022-07-05,8,30.0,25.0,27.0,4.0,31.0,85.0,299.0,0.0,1.3
2022-07-05,9,30.0,25.0,28.0,4.0,31.0,80.0,315.0,0.0,1.3
2022-07-05,10,30.0,25.0,29.0,4.0,31.0,75.0,315.0,0.0,1.4
2022-07-05,11,30.0,25.0,30.0,4.0,31.0,70.0,312.0,0.0,1.3
2022-07-05,12,30.0,25.0,30.0,4.0,31.0,70.0,301.0,0.0,1.2
2022-07-05,13,30.0,25.0,31.0,4.0,31.0,65.0,300.0,0.0,0.8
2022-07-05,14,30.0,25.0,32.0,4.0,31.0,65.0,270.0,0.0,1.1
2022-07-05,15,30.0,25.0,32.0,4.0,31.0,65.0,260.0,0.0,1.7
2022-07-05,16,60.0,25.0,31.0,4.0,31.0,65.0,273.0,6.0,2.0
2022-07-05,17,60.0,25.0,31.0,4.0,31.0,65.0,278.0,7.0,2.1
2022-07-05,18,30.0,25.0,30.0,4.0,31.0,70.0,264.0,0.0,2.0
2022-07-05,19,30.0,25.0,29.0,4.0,31.0,75.0,252.0,0.0,1.6
2022-07-05,20,30.0,25.0,28.0,4.0,31.0,80.0,261.0,0.0,1.2
2022-07-05,21,30.0,25.0,27.0,4.0,31.0,80.0,277.0,0.0,0.8
2022-07-05,22,30.0,25.0,27.0,4.0,31.0,85.0,270.0,0.0,0.3
2022-07-05,23,30.0,25.0,27.0,4.0,31.0,85.0,146.0,0.0,0.4
2022-07-06,0,20.0,26.0,26.0,3.0,31.0,90.0,180.0,0.0,0.7
2022-07-06,1,20.0,26.0,26.0,3.0,31.0,95.0,174.0,0.0,0.9
2022-07-06,2,30.0,26.0,25.0,4.0,31.0,95.0,185.0,0.0,1.2
2022-07-06,3,30.0,26.0,25.0,4.0,31.0,95.0,180.0,0.0,1.1
2022-07-06,4,30.0,26.0,25.0,4.0,31.0,95.0,158.0,0.0,1.1
2022-07-06,5,20.0,26.0,25.0,3.0,31.0,95.0,146.0,0.0,1.1
2022-07-06,6,30.0,26.0,25.0,4.0,31.0,95.0,145.0,0.0,1.2
2022-07-06,7,30.0,26.0,26.0,4.0,31.0,90.0,159.0,0.0,1.7
2022-07-06,8,30.0,26.0,27.0,4.0,31.0,85.0,155.0,0.0,2.1
2022-07-06,9,20.0,26.0,29.0,3.0,31.0,80.0,159.0,0.0,2.2
2022-07-06,10,20.0,26.0,30.0,3.0,31.0,70.0,161.0,0.0,2.4
2022-07-06,11,20.0,26.0,31.0,3.0,31.0,65.0,165.0,0.0,2.7
2022-07-06,12,20.0,26.0,32.0,3.0,31.0,65.0,167.0,0.0,3.1
2022-07-06,13,20.0,26.0,33.0,3.0,31.0,60.0,170.0,0.0,3.5
2022-07-06,14,20.0,26.0,33.0,3.0,31.0,60.0,174.0,0.0,3.7
2022-07-06,15,20.0,26.0,33.0,3.0,31.0,60.0,174.0,0.0,3.6
2022-07-06,16,20.0,26.0,33.0,3.0,31.0,60.0,173.0,0.0,3.5
2022-07-06,17,20.0,26.0,32.0,3.0,31.0,60.0,166.0,0.0,3.4
2022-07-06,18,20.0,26.0,31.0,3.0,31.0,65.0,156.0,0.0,3.2
2022-07-06,19,20.0,26.0,30.0,3.0,31.0,70.0,146.0,0.0,2.5
2022-07-06,20,0.0,26.0,29.0,1.0,31.0,75.0,146.0,0.0,2.5
2022-07-06,21,0.0,26.0,28.0,1.0,31.0,80.0,143.0,0.0,2.5
2022-07-06,22,0.0,26.0,27.0,1.0,31.0,85.0,138.0,0.0,2.5
2022-07-06,23,0.0,26.0,27.0,1.0,31.0,85.0,133.0,0.0,2.6
2022-07-07,0,0.0,24.0,27.0,1.0,33.0,90.0,139.0,0.0,3.0
2022-07-07,1,0.0,24.0,27.0,1.0,33.0,90.0,141.0,0.0,3.2
2022-07-07,2,0.0,24.0,26.0,1.0,33.0,90.0,140.0,0.0,3.0
2022-07-07,3,0.0,24.0,26.0,1.0,33.0,90.0,140.0,0.0,3.1
2022-07-07,4,0.0,24.0,26.0,1.0,33.0,90.0,139.0,0.0,3.0
2022-07-07,5,0.0,24.0,26.0,1.0,33.0,90.0,140.0,0.0,3.1
2022-07-07,6,20.0,24.0,26.0,3.0,33.0,90.0,141.0,0.0,3.3
2022-07-07,7,20.0,24.0,27.0,3.0,33.0,85.0,148.0,0.0,3.6
2022-07-07,8,30.0,24.0,28.0,4.0,33.0,80.0,152.0,0.0,4.0
2022-07-07,9,30.0,24.0,29.0,4.0,33.0,75.0,155.0,0.0,4.0
2022-07-07,10,30.0,24.0,30.0,4.0,33.0,70.0,160.0,0.0,4.5
2022-07-07,11,30.0,24.0,31.0,4.0,33.0,70.0,170.0,0.0,4.5
2022-07-07,12,30.0,24.0,31.0,4.0,33.0,65.0,173.0,0.0,4.6
2022-07-07,13,30.0,24.0,31.0,4.0,33.0,70.0,180.0,0.0,4.2
2022-07-07,14,60.0,24.0,31.0,4.0,33.0,70.0,194.0,5.0,3.6
2022-07-07,15,60.0,24.0,31.0,4.0,33.0,75.0,188.0,2.0,2.7
2022-07-07,16,60.0,24.0,30.0,4.0,33.0,75.0,187.0,3.0,3.1
2022-07-07,17,60.0,24.0,30.0,4.0,33.0,80.0,186.0,4.0,2.8
2022-07-07,18,60.0,24.0,29.0,4.0,33.0,80.0,185.0,3.0,2.5
2022-07-07,19,60.0,24.0,29.0,4.0,33.0,85.0,180.0,2.0,2.3
2022-07-07,20,30.0,24.0,28.0,4.0,33.0,85.0,171.0,0.0,2.4
2022-07-07,21,30.0,24.0,28.0,4.0,33.0,85.0,178.0,0.0,2.7
2022-07-07,22,30.0,24.0,27.0,4.0,33.0,90.0,184.0,0.0,2.6
2022-07-07,23,30.0,24.0,27.0,4.0,33.0,90.0,191.0,0.0,2.5
2022-07-08,0,60.0,23.0,27.0,4.0,34.0,90.0,197.0,0.0,3.0
2022-07-08,1,30.0,23.0,26.0,4.0,34.0,95.0,198.0,0.0,2.6
2022-07-08,2,30.0,23.0,26.0,4.0,34.0,95.0,195.0,0.0,2.7
2022-07-08,3,30.0,23.0,26.0,4.0,34.0,95.0,192.0,0.0,2.4
2022-07-08,4,30.0,23.0,26.0,4.0,34.0,95.0,193.0,0.0,2.2
2022-07-08,5,30.0,23.0,26.0,4.0,34.0,95.0,194.0,0.0,1.6
2022-07-08,6,30.0,23.0,26.0,4.0,34.0,95.0,205.0,0.0,1.4
2022-07-08,7,60.0,23.0,26.0,4.0,34.0,90.0,238.0,3.0,1.3
2022-07-08,8,60.0,23.0,27.0,4.0,34.0,90.0,250.0,3.0,2.0
2022-07-08,9,30.0,23.0,28.0,4.0,34.0,90.0,252.0,0.0,2.2
2022-07-08,10,60.0,23.0,29.0,4.0,34.0,85.0,255.0,3.0,2.4
2022-07-08,11,60.0,23.0,30.0,4.0,34.0,85.0,258.0,2.0,2.9
2022-07-08,12,60.0,23.0,30.0,4.0,34.0,80.0,268.0,3.0,3.1
2022-07-08,13,60.0,23.0,31.0,4.0,34.0,75.0,273.0,2.0,3.3
2022-07-08,14,60.0,23.0,31.0,4.0,34.0,75.0,277.0,2.0,3.4
2022-07-08,15,20.0,23.0,31.0,3.0,34.0,70.0,281.0,0.0,3.6
2022-07-08,16,20.0,23.0,31.0,3.0,34.0,70.0,278.0,0.0,3.4
2022-07-08,17,20.0,23.0,31.0,3.0,34.0,70.0,274.0,0.0,3.2
2022-07-08,18,20.0,23.0,30.0,3.0,34.0,75.0,274.0,0.0,2.9
2022-07-08,19,0.0,23.0,29.0,1.0,34.0,75.0,279.0,0.0,2.0
2022-07-08,20,0.0,23.0,28.0,1.0,34.0,80.0,283.0,0.0,1.7
2022-07-08,21,20.0,23.0,27.0,3.0,34.0,85.0,288.0,0.0,1.6
2022-07-08,22,30.0,23.0,26.0,4.0,34.0,90.0,293.0,0.0,1.3
2022-07-08,23,30.0,23.0,26.0,4.0,34.0,95.0,292.0,0.0,1.1
2022-07-09,0,30.0,25.0,25.0,4.0,31.0,95.0,288.0,0.0,0.9
2022-07-09,1,30.0,25.0,25.0,4.0,31.0,95.0,306.0,0.0,0.9
2022-07-09,2,30.0,25.0,24.0,4.0,31.0,95.0,315.0,0.0,1.0
2022-07-09,3,30.0,25.0,24.0,4.0,31.0,95.0,315.0,0.0,1.6
2022-07-09,4,30.0,25.0,24.0,4.0,31.0,95.0,322.0,0.0,1.8
2022-07-09,5,30.0,25.0,24.0,4.0,31.0,95.0,326.0,0.0,1.4
2022-07-09,6,30.0,25.0,24.0,4.0,31.0,95.0,342.0,0.0,1.6
2022-07-09,7,30.0,25.0,25.0,4.0,31.0,90.0,354.0,0.0,1.8
2022-07-09,8,30.0,25.0,26.0,4.0,31.0,85.0,357.0,0.0,2.0
2022-07-09,9,30.0,25.0,27.0,4.0,31.0,80.0,355.0,0.0,2.1
2022-07-09,10,30.0,25.0,28.0,4.0,31.0,75.0,355.0,0.0,2.3
2022-07-09,11,30.0,25.0,30.0,4.0,31.0,70.0,356.0,0.0,2.7
2022-07-09,12,30.0,25.0,30.0,4.0,31.0,70.0,352.0,0.0,2.7
2022-07-09,13,30.0,25.0,31.0,4.0,31.0,65.0,345.0,0.0,2.7
2022-07-09,14,30.0,25.0,32.0,4.0,31.0,65.0,342.0,0.0,2.6
2022-07-09,15,20.0,25.0,32.0,3.0,31.0,60.0,343.0,0.0,2.4
2022-07-09,16,20.0,25.0,32.0,3.0,31.0,60.0,341.0,0.0,2.4
2022-07-09,17,20.0,25.0,32.0,3.0,31.0,60.0,340.0,0.0,2.3
2022-07-09,18,20.0,25.0,31.0,3.0,31.0,65.0,342.0,0.0,2.2
2022-07-09,19,20.0,25.0,30.0,3.0,31.0,70.0,330.0,0.0,1.4
2022-07-09,20,0.0,25.0,28.0,1.0,31.0,80.0,324.0,0.0,1.4
2022-07-09,21,0.0,25.0,27.0,1.0,31.0,85.0,329.0,0.0,1.2
2022-07-09,22,20.0,25.0,27.0,3.0,31.0,90.0,336.0,0.0,1.2
2022-07-09,23,20.0,25.0,26.0,3.0,31.0,90.0,354.0,0.0,0.9
2022-07-10,0,0.0,25.0,25.0,1.0,32.0,90.0,346.0,0.0,0.8
2022-07-10,1,0.0,25.0,25.0,1.0,32.0,90.0,17.0,0.0,1.0
2022-07-10,2,0.0,25.0,25.0,1.0,32.0,95.0,20.0,0.0,1.2
2022-07-10,3,0.0,25.0,24.0,1.0,32.0,95.0,31.0,0.0,1.2
2022-07-10,4,0.0,25.0,24.0,1.0,32.0,95.0,360.0,0.0,0.7
2022-07-10,5,0.0,25.0,24.0,1.0,32.0,95.0,16.0,0.0,0.7
2022-07-10,6,0.0,25.0,24.0,1.0,32.0,95.0,8.0,0.0,0.7
2022-07-10,7,0.0,25.0,25.0,1.0,32.0,90.0,58.0,0.0,0.9
2022-07-10,8,0.0,25.0,27.0,1.0,32.0,80.0,36.0,0.0,1.4
2022-07-10,9,0.0,25.0,28.0,1.0,32.0,75.0,55.0,0.0,1.2
2022-07-10,10,0.0,25.0,30.0,1.0,32.0,70.0,82.0,0.0,0.7
2022-07-10,11,0.0,25.0,31.0,1.0,32.0,65.0,167.0,0.0,0.9
2022-07-10,12,20.0,25.0,33.0,3.0,32.0,60.0,188.0,0.0,1.4
2022-07-10,13,30.0,25.0,34.0,4.0,32.0,55.0,187.0,0.0,2.3
2022-07-10,14,20.0,25.0,33.0,3.0,32.0,55.0,194.0,0.0,3.7
2022-07-10,15,60.0,25.0,33.0,4.0,32.0,60.0,199.0,12.0,2.8
2022-07-10,16,60.0,25.0,33.0,3.0,32.0,60.0,195.0,7.0,1.1
2022-07-10,17,60.0,25.0,32.0,4.0,32.0,60.0,106.0,2.0,0.7
2022-07-10,18,30.0,25.0,31.0,4.0,32.0,70.0,180.0,0.0,0.8
2022-07-10,19,30.0,25.0,30.0,4.0,32.0,75.0,217.0,0.0,0.5
2022-07-10,20,30.0,25.0,29.0,4.0,32.0,80.0,175.0,0.0,1.1
2022-07-10,21,30.0,25.0,28.0,4.0,32.0,80.0,165.0,0.0,1.6
2022-07-10,22,30.0,25.0,27.0,4.0,32.0,85.0,163.0,0.0,1.4
2022-07-10,23,30.0,25.0,27.0,4.0,32.0,85.0,149.0,0.0,1.7
2022-07-11,0,30.0,25.0,26.0,4.0,31.0,85.0,133.0,0.0,1.6
2022-07-11,1,30.0,25.0,26.0,4.0,31.0,90.0,140.0,0.0,2.3
2022-07-11,2,60.0,25.0,26.0,4.0,31.0,90.0,142.0,0.0,2.4
2022-07-11,3,60.0,25.0,25.0,4.0,31.0,90.0,146.0,1.0,2.3
2022-07-11,4,60.0,25.0,25.0,4.0,31.0,90.0,146.0,1.0,2.3
2022-07-11,5,60.0,25.0,25.0,4.0,31.0,90.0,156.0,1.0,2.2
2022-07-11,6,60.0,25.0,25.0,4.0,31.0,90.0,127.0,0.0,2.0
2022-07-11,7,60.0,25.0,26.0,4.0,31.0,90.0,130.0,0.0,2.5
2022-07-11,8,68.0,25.0,26.0,4.0,31.0,90.0,125.0,0.0,2.4
2022-07-11,9,64.0,25.0,27.0,4.0,31.0,85.0,140.0,0.0,3.3
2022-07-11,10,68.0,25.0,27.0,4.0,31.0,85.0,151.0,0.0,3.1
2022-07-11,11,60.0,25.0,27.0,4.0,31.0,80.0,148.0,0.0,3.6
2022-07-11,12,60.0,25.0,28.0,4.0,31.0,80.0,145.0,1.0,3.8
2022-07-11,13,60.0,25.0,28.0,4.0,31.0,75.0,146.0,0.0,4.1
2022-07-11,14,30.0,25.0,28.0,4.0,31.0,80.0,145.0,0.0,3.8
2022-07-11,15,30.0,25.0,29.0,4.0,31.0,80.0,144.0,0.0,3.6
2022-07-11,16,30.0,25.0,29.0,4.0,31.0,75.0,143.0,0.0,3.0
2022-07-11,17,30.0,25.0,29.0,4.0,31.0,75.0,146.0,0.0,2.7
2022-07-11,18,30.0,25.0,28.0,4.0,31.0,80.0,150.0,0.0,2.4
2022-07-11,19,30.0,25.0,27.0,4.0,31.0,80.0,145.0,0.0,2.1
2022-07-11,20,30.0,25.0,27.0,4.0,31.0,85.0,140.0,0.0,1.7
2022-07-11,21,30.0,25.0,26.0,4.0,31.0,85.0,133.0,0.0,1.6
2022-07-11,22,30.0,25.0,26.0,4.0,31.0,90.0,126.0,0.0,1.7
2022-07-11,23,30.0,25.0,26.0,4.0,31.0,90.0,126.0,0.0,1.7
2022-07-12,0,30.0,25.0,26.0,4.0,32.0,95.0,111.0,0.0,0.9
2022-07-12,1,30.0,25.0,26.0,4.0,32.0,95.0,153.0,0.0,0.9
2022-07-12,2,30.0,25.0,26.0,4.0,32.0,95.0,143.0,0.0,1.0
2022-07-12,3,30.0,25.0,25.0,4.0,32.0,95.0,164.0,0.0,0.7
2022-07-12,4,30.0,25.0,25.0,4.0,32.0,95.0,150.0,0.0,0.8
2022-07-12,5,30.0,25.0,25.0,4.0,32.0,95.0,140.0,0.0,0.8
2022-07-12,6,30.0,25.0,25.0,4.0,32.0,95.0,120.0,0.0,0.8
2022-07-12,7,30.0,25.0,26.0,4.0,32.0,90.0,119.0,0.0,1.3
2022-07-12,8,30.0,25.0,27.0,4.0,32.0,90.0,118.0,0.0,1.5
2022-07-12,9,30.0,25.0,28.0,4.0,32.0,85.0,135.0,0.0,1.6
2022-07-12,10,30.0,25.0,29.0,4.0,32.0,80.0,145.0,0.0,1.9
2022-07-12,11,30.0,25.0,29.0,4.0,32.0,80.0,170.0,0.0,1.7
2022-07-12,12,60.0,25.0,30.0,4.0,32.0,75.0,186.0,3.0,1.9
2022-07-12,13,60.0,25.0,30.0,4.0,32.0,75.0,204.0,0.0,2.0
2022-07-12,14,60.0,25.0,31.0,4.0,32.0,70.0,209.0,3.0,2.1
2022-07-12,15,60.0,25.0,30.0,4.0,32.0,70.0,188.0,3.0,2.2
2022-07-12,16,60.0,25.0,30.0,4.0,32.0,70.0,162.0,3.0,1.9
2022-07-12,17,30.0,25.0,30.0,4.0,32.0,70.0,135.0,0.0,1.7
2022-07-12,18,30.0,25.0,29.0,4.0,32.0,75.0,146.0,0.0,1.8
2022-07-12,19,30.0,25.0,28.0,4.0,32.0,75.0,158.0,0.0,1.8
2022-07-12,20,30.0,25.0,27.0,4.0,32.0,80.0,158.0,0.0,1.8
2022-07-12,21,30.0,25.0,26.0,4.0,32.0,80.0,150.0,0.0,2.2
2022-07-12,22,20.0,25.0,26.0,3.0,32.0,85.0,140.0,0.0,2.6
2022-07-12,23,30.0,25.0,25.0,4.0,32.0,85.0,138.0,0.0,2.8
2022-07-13,0,30.0,23.0,25.0,4.0,32.0,80.0,139.0,0.0,3.3
2022-07-13,1,30.0,23.0,25.0,4.0,32.0,85.0,142.0,0.0,2.4
2022-07-13,2,30.0,23.0,24.0,4.0,32.0,85.0,138.0,0.0,3.0
2022-07-13,3,30.0,23.0,24.0,4.0,32.0,85.0,144.0,0.0,3.2
2022-07-13,4,30.0,23.0,24.0,4.0,32.0,85.0,138.0,0.0,3.1
2022-07-13,5,30.0,23.0,24.0,4.0,32.0,90.0,138.0,0.0,3.1
2022-07-13,6,30.0,23.0,24.0,4.0,32.0,90.0,138.0,0.0,3.0
2022-07-13,7,30.0,23.0,25.0,4.0,32.0,85.0,144.0,0.0,3.9
2022-07-13,8,30.0,23.0,25.0,4.0,32.0,85.0,147.0,0.0,3.7
2022-07-13,9,60.0,23.0,26.0,4.0,32.0,80.0,160.0,3.0,4.0
2022-07-13,10,60.0,23.0,26.0,4.0,32.0,80.0,153.0,3.0,3.6
2022-07-13,11,60.0,23.0,27.0,4.0,32.0,80.0,157.0,2.0,3.6
2022-07-13,12,60.0,23.0,27.0,4.0,32.0,80.0,153.0,2.0,3.5
2022-07-13,13,60.0,23.0,27.0,4.0,32.0,80.0,149.0,0.0,3.5
2022-07-13,14,60.0,23.0,28.0,4.0,32.0,80.0,140.0,0.0,3.3
2022-07-13,15,60.0,23.0,27.0,4.0,32.0,80.0,148.0,0.0,3.8
2022-07-13,16,30.0,23.0,28.0,4.0,32.0,80.0,151.0,0.0,3.7
2022-07-13,17,30.0,23.0,27.0,4.0,32.0,80.0,151.0,0.0,3.3
2022-07-13,18,30.0,23.0,27.0,4.0,32.0,80.0,159.0,0.0,3.1
2022-07-13,19,30.0,23.0,26.0,4.0,32.0,85.0,162.0,0.0,2.8
2022-07-13,20,30.0,23.0,26.0,4.0,32.0,85.0,160.0,0.0,2.9
2022-07-13,21,30.0,23.0,26.0,4.0,32.0,90.0,175.0,0.0,3.2
2022-07-13,22,30.0,23.0,26.0,4.0,32.0,90.0,189.0,0.0,3.2
2022-07-13,23,30.0,23.0,26.0,4.0,32.0,90.0,195.0,0.0,3.4
2022-07-14,0,60.0,23.0,26.0,4.0,31.0,90.0,180.0,0.0,3.2
2022-07-14,1,30.0,23.0,26.0,4.0,31.0,95.0,198.0,0.0,3.2
2022-07-14,2,30.0,23.0,26.0,4.0,31.0,95.0,207.0,0.0,2.9
2022-07-14,3,30.0,23.0,26.0,4.0,31.0,95.0,223.0,0.0,3.3
2022-07-14,4,89.0,23.0,26.0,4.0,31.0,95.0,242.0,2.0,2.6
2022-07-14,5,66.0,23.0,26.0,4.0,31.0,95.0,251.0,3.0,2.1
2022-07-14,6,92.0,23.0,26.0,4.0,31.0,95.0,248.0,1.0,1.6
2022-07-14,7,85.0,23.0,26.0,4.0,31.0,90.0,233.0,0.0,2.0
2022-07-14,8,30.0,23.0,27.0,4.0,31.0,90.0,245.0,0.0,2.6
2022-07-14,9,30.0,23.0,27.0,4.0,31.0,90.0,268.0,0.0,3.0
2022-07-14,10,30.0,23.0,28.0,4.0,31.0,85.0,282.0,0.0,3.4
2022-07-14,11,30.0,23.0,29.0,4.0,31.0,80.0,287.0,0.0,3.4
2022-07-14,12,30.0,23.0,30.0,4.0,31.0,75.0,299.0,0.0,3.5
2022-07-14,13,30.0,23.0,31.0,4.0,31.0,70.0,307.0,0.0,3.4
2022-07-14,14,30.0,23.0,31.0,4.0,31.0,65.0,308.0,0.0,2.9
2022-07-14,15,20.0,23.0,31.0,3.0,31.0,65.0,312.0,0.0,3.0
2022-07-14,16,20.0,23.0,31.0,3.0,31.0,65.0,312.0,0.0,3.0
2022-07-14,17,20.0,23.0,31.0,3.0,31.0,70.0,314.0,0.0,2.9
2022-07-14,18,20.0,23.0,29.0,3.0,31.0,75.0,315.0,0.0,2.7
2022-07-14,19,20.0,23.0,28.0,3.0,31.0,80.0,303.0,0.0,1.7
2022-07-14,20,0.0,23.0,27.0,1.0,31.0,85.0,288.0,0.0,1.3
2022-07-14,21,0.0,23.0,26.0,1.0,31.0,85.0,290.0,0.0,1.2
2022-07-14,22,0.0,23.0,25.0,1.0,31.0,90.0,290.0,0.0,1.2
2022-07-14,23,0.0,23.0,25.0,1.0,31.0,90.0,297.0,0.0,1.1
2022-07-15,0,30.0,23.0,24.0,4.0,31.0,90.0,297.0,0.0,0.9
2022-07-15,1,20.0,23.0,24.0,3.0,31.0,95.0,300.0,0.0,0.8
2022-07-15,2,20.0,23.0,24.0,3.0,31.0,95.0,304.0,0.0,0.7
2022-07-15,3,30.0,23.0,24.0,4.0,31.0,95.0,310.0,0.0,0.8
2022-07-15,4,20.0,23.0,23.0,3.0,31.0,95.0,319.0,0.0,0.9
2022-07-15,5,0.0,23.0,23.0,1.0,31.0,95.0,333.0,0.0,0.7
2022-07-15,6,20.0,23.0,23.0,3.0,31.0,95.0,354.0,0.0,0.9
2022-07-15,7,20.0,23.0,24.0,3.0,31.0,90.0,23.0,0.0,1.3
2022-07-15,8,30.0,23.0,25.0,4.0,31.0,85.0,360.0,0.0,0.1
2022-07-15,9,30.0,23.0,26.0,4.0,31.0,80.0,233.0,0.0,0.5
2022-07-15,10,30.0,23.0,28.0,4.0,31.0,75.0,292.0,0.0,0.5
2022-07-15,11,30.0,23.0,29.0,4.0,31.0,70.0,323.0,0.0,1.0
2022-07-15,12,20.0,23.0,30.0,3.0,31.0,65.0,328.0,0.0,1.3
2022-07-15,13,0.0,23.0,31.0,1.0,31.0,60.0,317.0,0.0,1.6
2022-07-15,14,0.0,23.0,32.0,1.0,31.0,60.0,306.0,0.0,1.7
2022-07-15,15,0.0,23.0,32.0,1.0,31.0,55.0,307.0,0.0,2.1
2022-07-15,16,0.0,23.0,32.0,1.0,31.0,55.0,306.0,0.0,2.6
2022-07-15,17,0.0,23.0,31.0,1.0,31.0,55.0,307.0,0.0,3.0
2022-07-15,18,0.0,23.0,30.0,1.0,31.0,60.0,306.0,0.0,2.9
2022-07-15,19,0.0,23.0,28.0,1.0,31.0,70.0,297.0,0.0,1.8
2022-07-15,20,0.0,23.0,26.0,1.0,31.0,75.0,291.0,0.0,1.4
2022-07-15,21,0.0,23.0,25.0,1.0,31.0,80.0,292.0,0.0,1.1
2022-07-15,22,0.0,23.0,24.0,1.0,31.0,85.0,318.0,0.0,1.3
2022-07-15,23,0.0,23.0,24.0,1.0,31.0,90.0,332.0,0.0,1.5
2022-07-16,0,0.0,23.0,24.0,1.0,29.0,90.0,360.0,0.0,0.9
2022-07-16,1,0.0,23.0,23.0,1.0,29.0,90.0,4.0,0.0,1.4
2022-07-16,2,0.0,23.0,23.0,1.0,29.0,90.0,351.0,0.0,1.2
2022-07-16,3,0.0,23.0,22.0,1.0,29.0,95.0,337.0,0.0,1.5
2022-07-16,4,0.0,23.0,22.0,1.0,29.0,95.0,349.0,0.0,1.0
2022-07-16,5,0.0,23.0,21.0,1.0,29.0,95.0,13.0,0.0,0.9
2022-07-16,6,0.0,23.0,22.0,1.0,29.0,95.0,354.0,0.0,1.0
2022-07-16,7,0.0,23.0,23.0,1.0,29.0,90.0,333.0,0.0,0.9
2022-07-16,8,0.0,23.0,25.0,1.0,29.0,85.0,311.0,0.0,0.9
2022-07-16,9,0.0,23.0,26.0,1.0,29.0,80.0,301.0,0.0,1.2
2022-07-16,10,0.0,23.0,28.0,1.0,29.0,75.0,290.0,0.0,2.0
2022-07-16,11,20.0,23.0,29.0,3.0,29.0,65.0,293.0,0.0,2.5
2022-07-16,12,0.0,23.0,30.0,1.0,29.0,60.0,300.0,0.0,2.8
2022-07-16,13,20.0,23.0,31.0,3.0,29.0,60.0,304.0,0.0,2.9
2022-07-16,14,30.0,23.0,32.0,4.0,29.0,60.0,297.0,0.0,3.0
2022-07-16,15,20.0,23.0,32.0,3.0,29.0,50.0,290.0,0.0,3.3
2022-07-16,16,0.0,23.0,32.0,1.0,29.0,50.0,282.0,0.0,3.4
2022-07-16,17,0.0,23.0,31.0,1.0,29.0,55.0,273.0,0.0,3.3
2022-07-16,18,0.0,23.0,29.0,1.0,29.0,60.0,262.0,0.0,3.0
2022-07-16,19,0.0,23.0,28.0,1.0,29.0,65.0,252.0,0.0,2.0
2022-07-16,20,0.0,23.0,26.0,1.0,29.0,75.0,242.0,0.0,1.7
2022-07-16,21,0.0,23.0,25.0,1.0,29.0,85.0,228.0,0.0,1.5
2022-07-16,22,0.0,23.0,25.0,1.0,29.0,85.0,215.0,0.0,1.6
2022-07-16,23,0.0,23.0,24.0,1.0,29.0,90.0,218.0,0.0,1.6
2022-07-17,0,0.0,24.0,24.0,1.0,32.0,90.0,259.0,0.0,1.0
2022-07-17,1,20.0,24.0,23.0,3.0,32.0,95.0,264.0,0.0,0.9
2022-07-17,2,30.0,24.0,23.0,4.0,32.0,95.0,253.0,0.0,1.0
2022-07-17,3,30.0,24.0,23.0,4.0,32.0,95.0,263.0,0.0,0.8
2022-07-17,4,30.0,24.0,23.0,4.0,32.0,95.0,276.0,0.0,0.9
2022-07-17,5,30.0,24.0,23.0,4.0,32.0,95.0,277.0,0.0,0.8
2022-07-17,6,30.0,24.0,23.0,4.0,32.0,95.0,277.0,0.0,0.8
2022-07-17,7,30.0,24.0,24.0,4.0,32.0,90.0,276.0,0.0,1.0
2022-07-17,8,20.0,24.0,25.0,3.0,32.0,85.0,257.0,0.0,0.9
2022-07-17,9,30.0,24.0,26.0,4.0,32.0,80.0,253.0,0.0,1.7
2022-07-17,10,30.0,24.0,27.0,4.0,32.0,75.0,261.0,0.0,1.9
2022-07-17,11,0.0,24.0,28.0,1.0,32.0,70.0,266.0,0.0,1.5
2022-07-17,12,20.0,24.0,29.0,3.0,32.0,65.0,262.0,0.0,2.1
2022-07-17,13,0.0,24.0,30.0,1.0,32.0,65.0,276.0,0.0,2.9
2022-07-17,14,20.0,24.0,30.0,3.0,32.0,60.0,273.0,0.0,2.0
2022-07-17,15,20.0,24.0,30.0,3.0,32.0,65.0,270.0,0.0,1.2
2022-07-17,16,20.0,24.0,30.0,3.0,32.0,65.0,270.0,0.0,1.8
2022-07-17,17,30.0,24.0,29.0,4.0,32.0,65.0,270.0,0.0,1.9
2022-07-17,18,20.0,24.0,28.0,3.0,32.0,70.0,257.0,0.0,1.7
2022-07-17,19,30.0,24.0,27.0,4.0,32.0,80.0,248.0,0.0,1.1
2022-07-17,20,30.0,24.0,26.0,4.0,32.0,80.0,232.0,0.0,1.6
2022-07-17,21,30.0,24.0,26.0,4.0,32.0,85.0,209.0,0.0,1.3
2022-07-17,22,30.0,24.0,25.0,4.0,32.0,85.0,195.0,0.0,1.1
2022-07-17,23,30.0,24.0,25.0,4.0,32.0,90.0,180.0,0.0,1.1
2022-07-18,0,30.0,22.0,25.0,4.0,32.0,85.0,153.0,0.0,1.6
2022-07-18,1,30.0,22.0,25.0,4.0,32.0,85.0,130.0,0.0,1.6
2022-07-18,2,30.0,22.0,25.0,4.0,32.0,85.0,115.0,0.0,2.1
2022-07-18,3,60.0,22.0,25.0,4.0,32.0,85.0,143.0,2.0,2.0
2022-07-18,4,60.0,22.0,24.0,4.0,32.0,90.0,150.0,5.0,0.8
2022-07-18,5,60.0,22.0,24.0,4.0,32.0,95.0,164.0,3.0,1.5
2022-07-18,6,60.0,22.0,24.0,4.0,32.0,95.0,126.0,3.0,2.6
2022-07-18,7,60.0,22.0,25.0,4.0,32.0,90.0,96.0,4.0,3.1
2022-07-18,8,60.0,22.0,25.0,4.0,32.0,90.0,110.0,5.0,2.3
2022-07-18,9,60.0,22.0,25.0,4.0,32.0,90.0,132.0,3.0,3.1
2022-07-18,10,61.0,22.0,26.0,4.0,32.0,90.0,137.0,4.0,3.3
2022-07-18,11,60.0,22.0,26.0,4.0,32.0,90.0,156.0,0.0,3.2
2022-07-18,12,60.0,22.0,26.0,4.0,32.0,90.0,172.0,0.0,3.0
2022-07-18,13,60.0,22.0,27.0,4.0,32.0,85.0,175.0,2.0,2.4
2022-07-18,14,61.0,22.0,28.0,4.0,32.0,85.0,197.0,5.0,3.0
2022-07-18,15,60.0,22.0,28.0,4.0,32.0,85.0,200.0,6.0,3.5
2022-07-18,16,60.0,22.0,27.0,4.0,32.0,85.0,184.0,9.0,2.8
2022-07-18,17,60.0,22.0,27.0,4.0,32.0,85.0,172.0,9.0,2.7
2022-07-18,18,60.0,22.0,27.0,4.0,32.0,85.0,172.0,12.0,2.9
2022-07-18,19,60.0,22.0,27.0,4.0,32.0,90.0,175.0,6.0,2.5
2022-07-18,20,60.0,22.0,27.0,4.0,32.0,90.0,185.0,0.0,2.3
2022-07-18,21,60.0,22.0,27.0,4.0,32.0,90.0,201.0,0.0,2.5
2022-07-18,22,30.0,22.0,26.0,4.0,32.0,90.0,201.0,0.0,2.5
2022-07-18,23,30.0,22.0,26.0,4.0,32.0,90.0,198.0,0.0,2.5
2022-07-19,0,30.0,24.0,25.0,4.0,31.0,95.0,257.0,0.0,2.6
2022-07-19,1,30.0,24.0,25.0,4.0,31.0,95.0,286.0,0.0,2.2
2022-07-19,2,30.0,24.0,25.0,4.0,31.0,95.0,302.0,0.0,1.5
2022-07-19,3,30.0,24.0,25.0,4.0,31.0,95.0,315.0,0.0,1.8
2022-07-19,4,30.0,24.0,24.0,4.0,31.0,95.0,328.0,0.0,2.2
2022-07-19,5,30.0,24.0,24.0,4.0,31.0,95.0,336.0,0.0,1.2
2022-07-19,6,30.0,24.0,24.0,4.0,31.0,95.0,333.0,0.0,1.3
2022-07-19,7,30.0,24.0,25.0,4.0,31.0,90.0,332.0,0.0,1.9
2022-07-19,8,30.0,24.0,26.0,4.0,31.0,85.0,331.0,0.0,2.1
2022-07-19,9,20.0,24.0,27.0,3.0,31.0,80.0,317.0,0.0,2.1
2022-07-19,10,20.0,24.0,28.0,3.0,31.0,75.0,309.0,0.0,2.6
2022-07-19,11,20.0,24.0,29.0,3.0,31.0,70.0,299.0,0.0,2.5
2022-07-19,12,20.0,24.0,30.0,3.0,31.0,65.0,289.0,0.0,2.8
2022-07-19,13,20.0,24.0,31.0,3.0,31.0,60.0,286.0,0.0,2.9
2022-07-19,14,0.0,24.0,31.0,1.0,31.0,60.0,283.0,0.0,3.1
2022-07-19,15,0.0,24.0,30.0,1.0,31.0,60.0,286.0,0.0,3.2
2022-07-19,16,0.0,24.0,30.0,1.0,31.0,60.0,291.0,0.0,3.4
2022-07-19,17,20.0,24.0,30.0,3.0,31.0,60.0,287.0,0.0,2.8
2022-07-19,18,20.0,24.0,29.0,3.0,31.0,65.0,283.0,0.0,2.8
2022-07-19,19,20.0,24.0,27.0,3.0,31.0,75.0,279.0,0.0,1.8
2022-07-19,20,20.0,24.0,26.0,3.0,31.0,80.0,255.0,0.0,1.1
2022-07-19,21,20.0,24.0,25.0,3.0,31.0,85.0,276.0,0.0,1.0
2022-07-19,22,20.0,24.0,24.0,3.0,31.0,90.0,280.0,0.0,1.1
2022-07-19,23,20.0,24.0,24.0,3.0,31.0,90.0,288.0,0.0,0.9
2022-07-20,0,30.0,22.0,24.0,4.0,31.0,90.0,270.0,0.0,0.7
2022-07-20,1,20.0,22.0,24.0,3.0,31.0,95.0,278.0,0.0,0.7
2022-07-20,2,20.0,22.0,24.0,3.0,31.0,95.0,270.0,0.0,0.7
2022-07-20,3,20.0,22.0,23.0,3.0,31.0,95.0,277.0,0.0,0.8
2022-07-20,4,20.0,22.0,23.0,3.0,31.0,95.0,310.0,0.0,0.8
2022-07-20,5,20.0,22.0,23.0,3.0,31.0,100.0,9.0,0.0,0.6
2022-07-20,6,20.0,22.0,23.0,3.0,31.0,95.0,34.0,0.0,0.7
2022-07-20,7,0.0,22.0,24.0,1.0,31.0,95.0,58.0,0.0,0.9
2022-07-20,8,0.0,22.0,24.0,1.0,31.0,90.0,72.0,0.0,0.9
2022-07-20,9,0.0,22.0,26.0,1.0,31.0,85.0,50.0,0.0,0.8
2022-07-20,10,0.0,22.0,27.0,1.0,31.0,75.0,31.0,0.0,0.6
2022-07-20,11,20.0,22.0,29.0,3.0,31.0,70.0,13.0,0.0,0.9
2022-07-20,12,0.0,22.0,30.0,1.0,31.0,65.0,6.0,0.0,0.9
2022-07-20,13,0.0,22.0,31.0,1.0,31.0,60.0,326.0,0.0,0.4
2022-07-20,14,0.0,22.0,32.0,1.0,31.0,55.0,288.0,0.0,0.3
2022-07-20,15,0.0,22.0,32.0,1.0,31.0,50.0,243.0,0.0,0.4
2022-07-20,16,20.0,22.0,33.0,3.0,31.0,50.0,252.0,0.0,1.3
2022-07-20,17,30.0,22.0,32.0,4.0,31.0,55.0,264.0,0.0,1.9
2022-07-20,18,30.0,22.0,31.0,4.0,31.0,65.0,270.0,0.0,1.8
2022-07-20,19,30.0,22.0,29.0,4.0,31.0,75.0,270.0,0.0,1.1
2022-07-20,20,30.0,22.0,28.0,4.0,31.0,80.0,270.0,0.0,0.6
2022-07-20,21,30.0,22.0,27.0,4.0,31.0,85.0,187.0,0.0,0.8
2022-07-20,22,60.0,22.0,27.0,4.0,31.0,85.0,165.0,3.0,1.1
2022-07-20,23,60.0,22.0,26.0,4.0,31.0,85.0,148.0,1.0,1.5
2022-07-21,0,62.0,22.0,25.0,4.0,31.0,90.0,138.0,4.0,1.3
2022-07-21,1,68.0,22.0,25.0,4.0,31.0,90.0,150.0,8.0,2.2
2022-07-21,2,69.0,22.0,24.0,4.0,31.0,90.0,149.0,6.0,4.4
2022-07-21,3,99.0,22.0,24.0,4.0,31.0,90.0,148.0,7.0,3.9
2022-07-21,4,87.0,22.0,24.0,4.0,31.0,90.0,169.0,10.0,4.2
2022-07-21,5,100.0,22.0,25.0,4.0,31.0,95.0,180.0,7.0,4.0
2022-07-21,6,100.0,22.0,25.0,4.0,31.0,95.0,194.0,3.0,3.7
2022-07-21,7,90.0,22.0,26.0,4.0,31.0,95.0,219.0,2.0,3.8
2022-07-21,8,30.0,22.0,26.0,4.0,31.0,90.0,233.0,0.0,3.5
2022-07-21,9,30.0,22.0,26.0,4.0,31.0,90.0,239.0,0.0,3.5
2022-07-21,10,30.0,22.0,27.0,4.0,31.0,90.0,239.0,0.0,2.9
2022-07-21,11,30.0,22.0,27.0,4.0,31.0,85.0,247.0,0.0,3.3
2022-07-21,12,30.0,22.0,27.0,4.0,31.0,85.0,266.0,0.0,2.9
2022-07-21,13,30.0,22.0,28.0,4.0,31.0,80.0,278.0,0.0,3.4
2022-07-21,14,30.0,22.0,29.0,4.0,31.0,75.0,301.0,0.0,3.7
2022-07-21,15,30.0,22.0,29.0,4.0,31.0,75.0,315.0,0.0,4.0
2022-07-21,16,30.0,22.0,29.0,4.0,31.0,70.0,317.0,0.0,4.2
2022-07-21,17,30.0,22.0,29.0,4.0,31.0,70.0,317.0,0.0,4.5
2022-07-21,18,30.0,22.0,28.0,4.0,31.0,70.0,317.0,0.0,3.8
2022-07-21,19,20.0,22.0,27.0,3.0,31.0,75.0,310.0,0.0,2.3
2022-07-21,20,20.0,22.0,25.0,3.0,31.0,80.0,307.0,0.0,2.0
2022-07-21,21,20.0,22.0,25.0,3.0,31.0,80.0,306.0,0.0,1.7
2022-07-21,22,0.0,22.0,24.0,1.0,31.0,85.0,304.0,0.0,1.4
2022-07-21,23,0.0,22.0,24.0,1.0,31.0,85.0,290.0,0.0,1.2
2022-07-22,0,20.0,23.0,23.0,3.0,31.0,85.0,288.0,0.0,1.9
2022-07-22,1,20.0,23.0,23.0,3.0,31.0,90.0,297.0,0.0,1.8
2022-07-22,2,0.0,23.0,23.0,1.0,31.0,90.0,298.0,0.0,1.5
2022-07-22,3,20.0,23.0,23.0,3.0,31.0,90.0,306.0,0.0,1.4
2022-07-22,4,30.0,23.0,22.0,4.0,31.0,95.0,315.0,0.0,1.1
2022-07-22,5,30.0,23.0,22.0,4.0,31.0,95.0,315.0,0.0,1.1
2022-07-22,6,30.0,23.0,22.0,4.0,31.0,95.0,326.0,0.0,1.1
2022-07-22,7,30.0,23.0,24.0,4.0,31.0,90.0,328.0,0.0,1.5
2022-07-22,8,30.0,23.0,25.0,4.0,31.0,85.0,320.0,0.0,1.7
2022-07-22,9,30.0,23.0,26.0,4.0,31.0,80.0,313.0,0.0,2.2
2022-07-22,10,20.0,23.0,27.0,3.0,31.0,75.0,306.0,0.0,2.6
2022-07-22,11,20.0,23.0,27.0,3.0,31.0,75.0,297.0,0.0,2.9
2022-07-22,12,30.0,23.0,28.0,4.0,31.0,75.0,289.0,0.0,3.1
2022-07-22,13,20.0,23.0,29.0,3.0,31.0,70.0,284.0,0.0,3.2
2022-07-22,14,20.0,23.0,29.0,3.0,31.0,70.0,281.0,0.0,3.1
2022-07-22,15,20.0,23.0,29.0,3.0,31.0,70.0,282.0,0.0,3.0
2022-07-22,16,20.0,23.0,29.0,3.0,31.0,65.0,281.0,0.0,3.2
2022-07-22,17,20.0,23.0,29.0,3.0,31.0,65.0,284.0,0.0,3.0
2022-07-22,18,20.0,23.0,28.0,3.0,31.0,70.0,292.0,0.0,2.4
2022-07-22,19,20.0,23.0,27.0,3.0,31.0,75.0,305.0,0.0,1.2
2022-07-22,20,20.0,23.0,25.0,3.0,31.0,80.0,302.0,0.0,0.9
2022-07-22,21,20.0,23.0,24.0,3.0,31.0,85.0,315.0,0.0,1.0
2022-07-22,22,20.0,23.0,24.0,3.0,31.0,90.0,338.0,0.0,1.1
2022-07-22,23,0.0,23.0,24.0,1.0,31.0,90.0,349.0,0.0,1.0
2022-07-23,0,0.0,23.0,23.0,1.0,32.0,90.0,153.0,0.0,0.4
2022-07-23,1,0.0,23.0,22.0,1.0,32.0,95.0,157.0,0.0,0.8
2022-07-23,2,20.0,23.0,22.0,3.0,32.0,95.0,162.0,0.0,0.9
2022-07-23,3,20.0,23.0,22.0,3.0,32.0,95.0,180.0,0.0,1.0
2022-07-23,4,30.0,23.0,22.0,4.0,32.0,95.0,201.0,0.0,0.9
2022-07-23,5,30.0,23.0,22.0,4.0,32.0,95.0,153.0,0.0,0.9
2022-07-23,6,20.0,23.0,22.0,3.0,32.0,95.0,159.0,0.0,0.9
2022-07-23,7,20.0,23.0,23.0,3.0,32.0,90.0,149.0,0.0,1.2
2022-07-23,8,20.0,23.0,24.0,3.0,32.0,90.0,160.0,0.0,1.5
2022-07-23,9,20.0,23.0,25.0,3.0,32.0,80.0,177.0,0.0,1.7
2022-07-23,10,30.0,23.0,26.0,4.0,32.0,80.0,193.0,0.0,1.8
2022-07-23,11,20.0,23.0,27.0,3.0,32.0,70.0,185.0,0.0,2.1
2022-07-23,12,20.0,23.0,28.0,3.0,32.0,65.0,202.0,0.0,2.4
2022-07-23,13,20.0,23.0,29.0,3.0,32.0,65.0,197.0,0.0,2.4
2022-07-23,14,30.0,23.0,29.0,4.0,32.0,65.0,190.0,0.0,2.7
2022-07-23,15,30.0,23.0,29.0,4.0,32.0,65.0,178.0,0.0,3.1
2022-07-23,16,30.0,23.0,29.0,4.0,32.0,65.0,169.0,0.0,3.6
2022-07-23,17,20.0,23.0,28.0,3.0,32.0,65.0,163.0,0.0,3.8
2022-07-23,18,30.0,23.0,27.0,4.0,32.0,70.0,158.0,0.0,3.7
2022-07-23,19,60.0,23.0,26.0,4.0,32.0,75.0,158.0,0.0,2.9
2022-07-23,20,60.0,23.0,25.0,4.0,32.0,80.0,153.0,0.0,3.0
2022-07-23,21,60.0,23.0,25.0,4.0,32.0,85.0,143.0,2.0,4.0
2022-07-23,22,60.0,23.0,24.0,4.0,32.0,90.0,148.0,3.0,3.8
2022-07-23,23,60.0,23.0,24.0,4.0,32.0,90.0,151.0,20.0,3.8
2022-07-24,0,60.0,23.0,25.0,4.0,32.0,90.0,153.0,3.0,3.3
2022-07-24,1,60.0,23.0,24.0,4.0,32.0,95.0,155.0,2.0,3.5
2022-07-24,2,60.0,23.0,25.0,4.0,32.0,95.0,158.0,1.0,3.1
2022-07-24,3,60.0,23.0,25.0,4.0,32.0,95.0,167.0,2.0,2.7
2022-07-24,4,30.0,23.0,25.0,4.0,32.0,95.0,170.0,0.0,2.2
2022-07-24,5,60.0,23.0,25.0,4.0,32.0,95.0,183.0,0.0,2.2
2022-07-24,6,60.0,23.0,24.0,4.0,32.0,95.0,198.0,0.0,2.0
2022-07-24,7,30.0,23.0,25.0,4.0,32.0,90.0,202.0,0.0,2.4
2022-07-24,8,30.0,23.0,25.0,4.0,32.0,90.0,196.0,0.0,2.9
2022-07-24,9,30.0,23.0,26.0,4.0,32.0,90.0,200.0,0.0,2.9
2022-07-24,10,30.0,23.0,26.0,4.0,32.0,90.0,214.0,0.0,2.5
2022-07-24,11,30.0,23.0,27.0,4.0,32.0,85.0,234.0,0.0,2.7
2022-07-24,12,30.0,23.0,28.0,4.0,32.0,80.0,246.0,0.0,3.2
2022-07-24,13,30.0,23.0,29.0,4.0,32.0,75.0,254.0,0.0,3.6
2022-07-24,14,30.0,23.0,29.0,4.0,32.0,75.0,261.0,0.0,3.9
2022-07-24,15,30.0,23.0,29.0,4.0,32.0,75.0,270.0,0.0,4.1
2022-07-24,16,30.0,23.0,29.0,4.0,32.0,75.0,276.0,0.0,4.0
2022-07-24,17,30.0,23.0,28.0,4.0,32.0,80.0,280.0,0.0,3.5
2022-07-24,18,30.0,23.0,27.0,4.0,32.0,80.0,283.0,0.0,3.1
2022-07-24,19,30.0,23.0,27.0,4.0,32.0,85.0,278.0,0.0,2.1
2022-07-24,20,30.0,23.0,26.0,4.0,32.0,85.0,278.0,0.0,2.1
2022-07-24,21,30.0,23.0,25.0,4.0,32.0,90.0,285.0,0.0,2.3
2022-07-24,22,30.0,23.0,25.0,4.0,32.0,90.0,284.0,0.0,2.1
2022-07-24,23,30.0,23.0,25.0,4.0,32.0,90.0,279.0,0.0,1.8
2022-07-25,0,30.0,23.0,24.0,4.0,33.0,95.0,262.0,0.0,1.5
2022-07-25,1,30.0,23.0,24.0,4.0,33.0,95.0,262.0,0.0,1.4
2022-07-25,2,30.0,23.0,24.0,4.0,33.0,95.0,261.0,0.0,1.3
2022-07-25,3,30.0,23.0,24.0,4.0,33.0,95.0,264.0,0.0,1.0
2022-07-25,4,30.0,23.0,23.0,4.0,33.0,95.0,259.0,0.0,1.0
2022-07-25,5,30.0,23.0,23.0,4.0,33.0,95.0,259.0,0.0,1.0
2022-07-25,6,30.0,23.0,23.0,4.0,33.0,95.0,285.0,0.0,1.1
2022-07-25,7,30.0,23.0,24.0,4.0,33.0,90.0,302.0,0.0,1.3
2022-07-25,8,30.0,23.0,25.0,4.0,33.0,90.0,315.0,0.0,1.4
2022-07-25,9,30.0,23.0,26.0,4.0,33.0,85.0,315.0,0.0,1.3
2022-07-25,10,30.0,23.0,27.0,4.0,33.0,80.0,325.0,0.0,1.2
2022-07-25,11,30.0,23.0,28.0,4.0,33.0,75.0,335.0,0.0,1.4
2022-07-25,12,30.0,23.0,29.0,4.0,33.0,70.0,330.0,0.0,1.4
2022-07-25,13,30.0,23.0,30.0,4.0,33.0,65.0,328.0,0.0,1.5
2022-07-25,14,20.0,23.0,31.0,3.0,33.0,65.0,325.0,0.0,1.9
2022-07-25,15,20.0,23.0,31.0,3.0,33.0,65.0,321.0,0.0,1.9
2022-07-25,16,20.0,23.0,31.0,3.0,33.0,65.0,317.0,0.0,1.9
2022-07-25,17,20.0,23.0,31.0,3.0,33.0,65.0,319.0,0.0,1.8
2022-07-25,18,20.0,23.0,30.0,3.0,33.0,70.0,325.0,0.0,1.9
2022-07-25,19,20.0,23.0,28.0,3.0,33.0,75.0,318.0,0.0,1.5
2022-07-25,20,0.0,23.0,27.0,1.0,33.0,85.0,318.0,0.0,1.3
2022-07-25,21,0.0,23.0,26.0,1.0,33.0,90.0,329.0,0.0,1.2
2022-07-25,22,0.0,23.0,25.0,1.0,33.0,90.0,342.0,0.0,0.9
2022-07-25,23,20.0,23.0,25.0,3.0,33.0,95.0,13.0,0.0,0.9
2022-07-26,0,30.0,22.0,25.0,4.0,33.0,95.0,45.0,0.0,0.8
2022-07-26,1,30.0,22.0,24.0,4.0,33.0,95.0,97.0,0.0,0.8
2022-07-26,2,20.0,22.0,24.0,3.0,33.0,95.0,119.0,0.0,1.0
2022-07-26,3,20.0,22.0,23.0,3.0,33.0,95.0,135.0,0.0,1.1
2022-07-26,4,0.0,22.0,23.0,1.0,33.0,95.0,142.0,0.0,1.1
2022-07-26,5,20.0,22.0,23.0,3.0,33.0,95.0,151.0,0.0,1.0
2022-07-26,6,20.0,22.0,23.0,3.0,33.0,95.0,135.0,0.0,1.0
2022-07-26,7,20.0,22.0,24.0,3.0,33.0,90.0,124.0,0.0,1.1
2022-07-26,8,20.0,22.0,26.0,3.0,33.0,85.0,120.0,0.0,1.4
2022-07-26,9,20.0,22.0,28.0,3.0,33.0,80.0,132.0,0.0,1.2
2022-07-26,10,20.0,22.0,29.0,3.0,33.0,75.0,145.0,0.0,1.2
2022-07-26,11,20.0,22.0,30.0,3.0,33.0,70.0,143.0,0.0,1.5
2022-07-26,12,20.0,22.0,31.0,3.0,33.0,65.0,155.0,0.0,1.7
2022-07-26,13,60.0,22.0,32.0,3.0,33.0,60.0,159.0,6.0,1.9
2022-07-26,14,60.0,22.0,32.0,3.0,33.0,60.0,162.0,6.0,2.0
2022-07-26,15,60.0,22.0,32.0,3.0,33.0,60.0,170.0,5.0,2.2
2022-07-26,16,60.0,22.0,32.0,3.0,33.0,60.0,172.0,3.0,2.2
2022-07-26,17,20.0,22.0,32.0,3.0,33.0,60.0,170.0,0.0,2.3
2022-07-26,18,60.0,22.0,31.0,4.0,33.0,65.0,175.0,3.0,2.1
2022-07-26,19,30.0,22.0,29.0,4.0,33.0,75.0,180.0,0.0,1.3
2022-07-26,20,30.0,22.0,28.0,4.0,33.0,85.0,185.0,0.0,1.1
2022-07-26,21,20.0,22.0,27.0,3.0,33.0,85.0,204.0,0.0,1.2
2022-07-26,22,20.0,22.0,26.0,3.0,33.0,90.0,164.0,0.0,0.7
2022-07-26,23,20.0,22.0,26.0,3.0,33.0,90.0,156.0,0.0,1.0
2022-07-27,0,20.0,24.0,25.0,3.0,33.0,90.0,128.0,0.0,1.8
2022-07-27,1,20.0,24.0,24.0,3.0,33.0,90.0,156.0,0.0,1.2
2022-07-27,2,0.0,24.0,24.0,1.0,33.0,90.0,141.0,0.0,1.3
2022-07-27,3,0.0,24.0,23.0,1.0,33.0,95.0,124.0,0.0,1.4
2022-07-27,4,20.0,24.0,23.0,3.0,33.0,95.0,119.0,0.0,2.1
2022-07-27,5,20.0,24.0,22.0,3.0,33.0,95.0,126.0,0.0,1.7
2022-07-27,6,0.0,24.0,22.0,1.0,33.0,95.0,118.0,0.0,2.1
2022-07-27,7,0.0,24.0,24.0,1.0,33.0,85.0,127.0,0.0,2.5
2022-07-27,8,0.0,24.0,25.0,1.0,33.0,80.0,120.0,0.0,3.0
2022-07-27,9,0.0,24.0,26.0,1.0,33.0,75.0,124.0,0.0,3.2
2022-07-27,10,0.0,24.0,27.0,1.0,33.0,70.0,132.0,0.0,3.1
2022-07-27,11,20.0,24.0,29.0,3.0,33.0,65.0,135.0,0.0,3.3
2022-07-27,12,0.0,24.0,30.0,1.0,33.0,60.0,137.0,0.0,3.3
2022-07-27,13,0.0,24.0,31.0,1.0,33.0,55.0,142.0,0.0,3.3
2022-07-27,14,0.0,24.0,31.0,1.0,33.0,55.0,158.0,0.0,3.1
2022-07-27,15,20.0,24.0,31.0,3.0,33.0,55.0,159.0,0.0,3.0
2022-07-27,16,20.0,24.0,31.0,3.0,33.0,55.0,149.0,0.0,2.7
2022-07-27,17,20.0,24.0,31.0,3.0,33.0,55.0,144.0,0.0,2.9
2022-07-27,18,0.0,24.0,30.0,1.0,33.0,60.0,142.0,0.0,2.8
2022-07-27,19,0.0,24.0,29.0,1.0,33.0,70.0,147.0,0.0,2.0
2022-07-27,20,0.0,24.0,27.0,1.0,33.0,75.0,147.0,0.0,2.0
2022-07-27,21,20.0,24.0,26.0,3.0,33.0,80.0,142.0,0.0,2.3
2022-07-27,22,0.0,24.0,25.0,1.0,33.0,85.0,143.0,0.0,2.5
2022-07-27,23,0.0,24.0,25.0,1.0,33.0,90.0,139.0,0.0,2.8
2022-07-28,0,20.0,25.0,25.0,3.0,33.0,90.0,121.0,0.0,1.7
2022-07-28,1,20.0,25.0,25.0,3.0,33.0,90.0,119.0,0.0,1.8
2022-07-28,2,20.0,25.0,24.0,3.0,33.0,90.0,126.0,0.0,1.7
2022-07-28,3,20.0,25.0,24.0,3.0,33.0,95.0,129.0,0.0,1.4
2022-07-28,4,30.0,25.0,24.0,4.0,33.0,95.0,132.0,0.0,1.2
2022-07-28,5,20.0,25.0,23.0,3.0,33.0,95.0,141.0,0.0,1.3
2022-07-28,6,20.0,25.0,23.0,3.0,33.0,95.0,135.0,0.0,1.4
2022-07-28,7,20.0,25.0,25.0,3.0,33.0,85.0,135.0,0.0,2.3
2022-07-28,8,0.0,25.0,27.0,1.0,33.0,80.0,135.0,0.0,3.1
2022-07-28,9,0.0,25.0,29.0,1.0,33.0,75.0,137.0,0.0,3.4
2022-07-28,10,30.0,25.0,30.0,4.0,33.0,70.0,144.0,0.0,3.1
2022-07-28,11,20.0,25.0,31.0,3.0,33.0,65.0,147.0,0.0,3.0
2022-07-28,12,0.0,25.0,31.0,1.0,33.0,60.0,151.0,0.0,3.1
2022-07-28,13,0.0,25.0,33.0,1.0,33.0,60.0,160.0,0.0,2.9
2022-07-28,14,0.0,25.0,33.0,1.0,33.0,55.0,155.0,0.0,3.1
2022-07-28,15,0.0,25.0,33.0,1.0,33.0,55.0,150.0,0.0,3.2
2022-07-28,16,0.0,25.0,33.0,1.0,33.0,55.0,152.0,0.0,3.2
2022-07-28,17,0.0,25.0,33.0,1.0,33.0,55.0,153.0,0.0,3.1
2022-07-28,18,0.0,25.0,31.0,1.0,33.0,60.0,154.0,0.0,2.5
2022-07-28,19,20.0,25.0,30.0,3.0,33.0,65.0,145.0,0.0,1.9
2022-07-28,20,30.0,25.0,29.0,4.0,33.0,70.0,135.0,0.0,2.1
2022-07-28,21,20.0,25.0,28.0,3.0,33.0,75.0,128.0,0.0,2.3
2022-07-28,22,20.0,25.0,27.0,3.0,33.0,80.0,130.0,0.0,2.6
2022-07-28,23,20.0,25.0,26.0,3.0,33.0,85.0,133.0,0.0,2.6
2022-07-29,0,0.0,26.0,26.0,1.0,29.0,85.0,130.0,0.0,2.6
2022-07-29,1,0.0,26.0,26.0,1.0,29.0,90.0,130.0,0.0,2.5
2022-07-29,2,0.0,26.0,26.0,1.0,29.0,90.0,139.0,0.0,1.8
2022-07-29,3,0.0,26.0,26.0,1.0,29.0,90.0,138.0,0.0,1.5
2022-07-29,4,0.0,26.0,25.0,1.0,29.0,90.0,124.0,0.0,1.4
2022-07-29,5,0.0,26.0,25.0,1.0,29.0,90.0,115.0,0.0,1.4
2022-07-29,6,0.0,26.0,25.0,1.0,29.0,90.0,108.0,0.0,1.6
2022-07-29,7,0.0,26.0,26.0,1.0,29.0,85.0,111.0,0.0,2.2
2022-07-29,8,0.0,26.0,28.0,1.0,29.0,80.0,117.0,0.0,3.0
2022-07-29,9,0.0,26.0,30.0,1.0,29.0,70.0,119.0,0.0,3.1
2022-07-29,10,0.0,26.0,31.0,1.0,29.0,65.0,114.0,0.0,3.2
2022-07-29,11,0.0,26.0,32.0,1.0,29.0,60.0,108.0,0.0,3.3
2022-07-29,12,0.0,26.0,33.0,1.0,29.0,55.0,109.0,0.0,3.4
2022-07-29,13,0.0,26.0,34.0,1.0,29.0,55.0,113.0,0.0,3.6
2022-07-29,14,0.0,26.0,34.0,1.0,29.0,50.0,117.0,0.0,3.8
2022-07-29,15,0.0,26.0,34.0,1.0,29.0,55.0,120.0,0.0,3.9
2022-07-29,16,0.0,26.0,34.0,1.0,29.0,55.0,122.0,0.0,3.9
2022-07-29,17,0.0,26.0,33.0,1.0,29.0,55.0,117.0,0.0,3.3
2022-07-29,18,0.0,26.0,33.0,1.0,29.0,60.0,111.0,0.0,2.2
2022-07-29,19,0.0,26.0,31.0,1.0,29.0,65.0,120.0,0.0,1.6
2022-07-29,20,0.0,26.0,30.0,1.0,29.0,70.0,122.0,0.0,1.5
2022-07-29,21,0.0,26.0,29.0,1.0,29.0,75.0,99.0,0.0,1.2
2022-07-29,22,0.0,26.0,28.0,1.0,29.0,75.0,94.0,0.0,1.3
2022-07-29,23,0.0,26.0,28.0,1.0,29.0,80.0,93.0,0.0,1.7
2022-07-30,0,0.0,25.0,27.0,1.0,31.0,80.0,76.0,0.0,1.2
2022-07-30,1,0.0,25.0,27.0,1.0,31.0,80.0,72.0,0.0,1.3
2022-07-30,2,0.0,25.0,26.0,1.0,31.0,80.0,65.0,0.0,1.4
2022-07-30,3,0.0,25.0,26.0,1.0,31.0,85.0,73.0,0.0,1.7
2022-07-30,4,0.0,25.0,25.0,1.0,31.0,85.0,74.0,0.0,1.8
2022-07-30,5,0.0,25.0,25.0,1.0,31.0,90.0,78.0,0.0,1.9
2022-07-30,6,20.0,25.0,25.0,3.0,31.0,85.0,87.0,0.0,2.2
2022-07-30,7,20.0,25.0,27.0,3.0,31.0,80.0,94.0,0.0,3.0
2022-07-30,8,20.0,25.0,28.0,3.0,31.0,75.0,99.0,0.0,4.3
2022-07-30,9,30.0,25.0,30.0,4.0,31.0,70.0,106.0,0.0,4.6
2022-07-30,10,30.0,25.0,30.0,4.0,31.0,70.0,108.0,0.0,4.0
2022-07-30,11,30.0,25.0,30.0,4.0,31.0,70.0,114.0,0.0,3.9
2022-07-30,12,30.0,25.0,30.0,4.0,31.0,70.0,123.0,0.0,4.0
2022-07-30,13,30.0,25.0,30.0,4.0,31.0,70.0,122.0,0.0,3.8
2022-07-30,14,30.0,25.0,31.0,4.0,31.0,70.0,112.0,0.0,2.2
2022-07-30,15,30.0,25.0,30.0,4.0,31.0,70.0,97.0,0.0,2.3
2022-07-30,16,30.0,25.0,30.0,4.0,31.0,70.0,97.0,0.0,2.6
2022-07-30,17,30.0,25.0,30.0,4.0,31.0,70.0,103.0,0.0,2.7
2022-07-30,18,20.0,25.0,30.0,3.0,31.0,75.0,98.0,0.0,2.1
2022-07-30,19,30.0,25.0,29.0,4.0,31.0,75.0,103.0,0.0,1.7
2022-07-30,20,30.0,25.0,28.0,4.0,31.0,80.0,105.0,0.0,2.0
2022-07-30,21,30.0,25.0,28.0,4.0,31.0,80.0,112.0,0.0,2.2
2022-07-30,22,30.0,25.0,27.0,4.0,31.0,85.0,93.0,0.0,2.1
2022-07-30,23,30.0,25.0,27.0,4.0,31.0,85.0,87.0,0.0,1.7
2022-07-31,0,30.0,25.0,27.0,4.0,32.0,85.0,102.0,0.0,2.4
2022-07-31,1,30.0,25.0,27.0,4.0,32.0,85.0,109.0,0.0,2.4
2022-07-31,2,30.0,25.0,27.0,4.0,32.0,85.0,109.0,0.0,2.4
2022-07-31,3,30.0,25.0,27.0,4.0,32.0,85.0,108.0,0.0,2.3
2022-07-31,4,30.0,25.0,26.0,4.0,32.0,85.0,107.0,0.0,2.4
2022-07-31,5,30.0,25.0,26.0,4.0,32.0,90.0,105.0,0.0,2.4
2022-07-31,6,60.0,25.0,26.0,4.0,32.0,90.0,109.0,4.0,2.8
2022-07-31,7,60.0,25.0,27.0,4.0,32.0,90.0,112.0,3.0,3.5
2022-07-31,8,60.0,25.0,27.0,4.0,32.0,90.0,115.0,4.0,3.8
2022-07-31,9,60.0,25.0,27.0,4.0,32.0,90.0,118.0,0.0,3.8
2022-07-31,10,60.0,25.0,27.0,4.0,32.0,90.0,126.0,2.0,3.9
2022-07-31,11,60.0,25.0,27.0,4.0,32.0,90.0,127.0,5.0,4.1
2022-07-31,12,60.0,25.0,27.0,4.0,32.0,90.0,122.0,3.0,3.8
2022-07-31,13,60.0,25.0,28.0,4.0,32.0,90.0,127.0,5.0,3.9
2022-07-31,14,60.0,25.0,28.0,4.0,32.0,90.0,135.0,6.0,4.2
2022-07-31,15,60.0,25.0,28.0,4.0,32.0,90.0,135.0,7.0,4.4
2022-07-31,16,60.0,25.0,28.0,4.0,32.0,85.0,137.0,2.0,4.5
2022-07-31,17,60.0,25.0,28.0,4.0,32.0,85.0,139.0,0.0,4.5
2022-07-31,18,60.0,25.0,28.0,4.0,32.0,85.0,134.0,3.0,3.7
2022-07-31,19,60.0,25.0,28.0,4.0,32.0,85.0,138.0,6.0,3.6
2022-07-31,20,60.0,25.0,27.0,4.0,32.0,90.0,142.0,0.0,3.7
2022-07-31,21,30.0,25.0,27.0,4.0,32.0,90.0,142.0,0.0,3.7
2022-07-31,22,30.0,25.0,27.0,4.0,32.0,90.0,145.0,0.0,3.3
2022-07-31,23,60.0,25.0,27.0,4.0,32.0,90.0,149.0,8.0,3.3
2022-08-01,0,30.0,25.0,27.0,4.0,33.0,90.0,138.0,0.0,4.5
2022-08-01,1,60.0,25.0,27.0,4.0,33.0,90.0,133.0,0.0,4.2
2022-08-01,2,60.0,25.0,26.0,4.0,33.0,95.0,132.0,0.0,3.8
2022-08-01,3,60.0,25.0,26.0,4.0,33.0,90.0,130.0,0.0,3.8
2022-08-01,4,60.0,25.0,26.0,4.0,33.0,95.0,126.0,0.0,3.7
2022-08-01,5,60.0,25.0,26.0,4.0,33.0,95.0,129.0,0.0,3.8
2022-08-01,6,60.0,25.0,26.0,4.0,33.0,95.0,129.0,0.0,3.5
2022-08-01,7,60.0,25.0,27.0,4.0,33.0,90.0,134.0,0.0,3.0
2022-08-01,8,60.0,25.0,27.0,4.0,33.0,90.0,140.0,0.0,2.5
2022-08-01,9,60.0,25.0,28.0,4.0,33.0,90.0,141.0,0.0,2.8
2022-08-01,10,60.0,25.0,28.0,4.0,33.0,90.0,178.0,0.0,2.8
2022-08-01,11,60.0,25.0,29.0,4.0,33.0,85.0,196.0,0.0,2.5
2022-08-01,12,30.0,25.0,30.0,4.0,33.0,85.0,203.0,0.0,3.4
2022-08-01,13,60.0,25.0,30.0,4.0,33.0,80.0,198.0,0.0,4.1
2022-08-01,14,60.0,25.0,30.0,4.0,33.0,80.0,193.0,0.0,4.0
2022-08-01,15,60.0,25.0,30.0,4.0,33.0,80.0,183.0,0.0,4.1
2022-08-01,16,60.0,25.0,30.0,4.0,33.0,80.0,171.0,0.0,3.0
2022-08-01,17,30.0,25.0,30.0,4.0,33.0,80.0,169.0,0.0,3.1
2022-08-01,18,60.0,25.0,29.0,4.0,33.0,85.0,164.0,0.0,2.9
2022-08-01,19,60.0,25.0,28.0,4.0,33.0,90.0,160.0,0.0,2.7
2022-08-01,20,60.0,25.0,28.0,4.0,33.0,90.0,155.0,0.0,2.6
2022-08-01,21,30.0,25.0,28.0,4.0,33.0,90.0,153.0,0.0,2.7
2022-08-01,22,30.0,25.0,27.0,4.0,33.0,90.0,157.0,0.0,2.8
2022-08-01,23,30.0,25.0,27.0,4.0,33.0,95.0,162.0,0.0,2.9
2022-08-02,0,60.0,25.0,27.0,4.0,33.0,95.0,173.0,0.0,3.1
2022-08-02,1,30.0,25.0,26.0,4.0,33.0,95.0,174.0,0.0,3.0
2022-08-02,2,30.0,25.0,26.0,4.0,33.0,95.0,172.0,0.0,2.9
2022-08-02,3,60.0,25.0,26.0,4.0,33.0,95.0,172.0,0.0,2.7
2022-08-02,4,60.0,25.0,26.0,4.0,33.0,95.0,171.0,0.0,2.5
2022-08-02,5,60.0,25.0,26.0,4.0,33.0,95.0,173.0,0.0,2.5
2022-08-02,6,60.0,25.0,26.0,4.0,33.0,95.0,178.0,0.0,2.6
2022-08-02,7,60.0,25.0,26.0,4.0,33.0,95.0,184.0,0.0,2.8
2022-08-02,8,60.0,25.0,27.0,4.0,33.0,95.0,194.0,0.0,2.9
2022-08-02,9,30.0,25.0,28.0,4.0,33.0,90.0,200.0,0.0,3.0
2022-08-02,10,30.0,25.0,29.0,4.0,33.0,90.0,190.0,0.0,2.8
2022-08-02,11,30.0,25.0,29.0,4.0,33.0,85.0,198.0,0.0,3.5
2022-08-02,12,60.0,25.0,30.0,4.0,33.0,80.0,212.0,0.0,4.0
2022-08-02,13,30.0,25.0,31.0,4.0,33.0,75.0,222.0,0.0,4.2
2022-08-02,14,30.0,25.0,32.0,4.0,33.0,70.0,227.0,0.0,4.1
2022-08-02,15,30.0,25.0,31.0,4.0,33.0,70.0,225.0,0.0,4.0
2022-08-02,16,20.0,25.0,31.0,3.0,33.0,70.0,226.0,0.0,3.7
2022-08-02,17,20.0,25.0,31.0,3.0,33.0,75.0,225.0,0.0,3.3
2022-08-02,18,20.0,25.0,30.0,3.0,33.0,75.0,223.0,0.0,2.2
2022-08-02,19,20.0,25.0,29.0,3.0,33.0,80.0,212.0,0.0,1.3
2022-08-02,20,30.0,25.0,28.0,4.0,33.0,85.0,192.0,0.0,1.4
2022-08-02,21,20.0,25.0,28.0,3.0,33.0,90.0,187.0,0.0,1.6
2022-08-02,22,20.0,25.0,27.0,3.0,33.0,90.0,184.0,0.0,1.6
2022-08-02,23,20.0,25.0,27.0,3.0,33.0,95.0,180.0,0.0,1.5
2022-08-03,0,20.0,25.0,27.0,3.0,33.0,90.0,180.0,0.0,1.5
2022-08-03,1,30.0,25.0,26.0,4.0,33.0,95.0,180.0,0.0,1.5
2022-08-03,2,60.0,25.0,26.0,4.0,33.0,95.0,176.0,0.0,1.4
2022-08-03,3,60.0,25.0,26.0,4.0,33.0,95.0,176.0,3.0,1.4
2022-08-03,4,60.0,25.0,25.0,4.0,33.0,95.0,176.0,4.0,1.3
2022-08-03,5,60.0,25.0,25.0,4.0,33.0,95.0,175.0,3.0,1.2
2022-08-03,6,60.0,25.0,25.0,4.0,33.0,95.0,170.0,8.0,1.1
2022-08-03,7,60.0,25.0,26.0,4.0,33.0,95.0,198.0,4.0,1.6
2022-08-03,8,60.0,25.0,27.0,4.0,33.0,90.0,209.0,3.0,1.8
2022-08-03,9,60.0,25.0,28.0,4.0,33.0,80.0,223.0,1.0,1.9
2022-08-03,10,30.0,25.0,29.0,4.0,33.0,75.0,233.0,0.0,2.1
2022-08-03,11,30.0,25.0,30.0,4.0,33.0,70.0,238.0,0.0,2.5
2022-08-03,12,30.0,25.0,31.0,4.0,33.0,65.0,241.0,0.0,2.6
2022-08-03,13,60.0,25.0,31.0,4.0,33.0,60.0,243.0,1.0,3.1
2022-08-03,14,60.0,25.0,31.0,4.0,33.0,60.0,243.0,0.0,3.0
2022-08-03,15,60.0,25.0,31.0,4.0,33.0,60.0,248.0,0.0,2.9
2022-08-03,16,20.0,25.0,31.0,3.0,33.0,60.0,253.0,0.0,3.0
2022-08-03,17,20.0,25.0,31.0,3.0,33.0,65.0,253.0,0.0,2.8
2022-08-03,18,20.0,25.0,30.0,3.0,33.0,70.0,257.0,0.0,2.6
2022-08-03,19,20.0,25.0,29.0,3.0,33.0,75.0,262.0,0.0,1.4
2022-08-03,20,30.0,25.0,28.0,4.0,33.0,80.0,264.0,0.0,1.0
2022-08-03,21,30.0,25.0,28.0,4.0,33.0,85.0,249.0,0.0,0.9
2022-08-03,22,30.0,25.0,27.0,4.0,33.0,90.0,234.0,0.0,0.9
2022-08-03,23,20.0,25.0,27.0,3.0,33.0,90.0,212.0,0.0,0.9
2022-08-04,0,30.0,25.0,27.0,4.0,33.0,95.0,215.0,0.0,1.6
2022-08-04,1,30.0,25.0,27.0,4.0,33.0,95.0,221.0,0.0,1.8
2022-08-04,2,30.0,25.0,26.0,4.0,33.0,95.0,221.0,0.0,1.8
2022-08-04,3,30.0,25.0,26.0,4.0,33.0,95.0,223.0,0.0,1.8
2022-08-04,4,30.0,25.0,26.0,4.0,33.0,95.0,225.0,0.0,1.7
2022-08-04,5,30.0,25.0,26.0,4.0,33.0,95.0,230.0,0.0,1.6
2022-08-04,6,30.0,25.0,26.0,4.0,33.0,95.0,225.0,0.0,1.4
2022-08-04,7,30.0,25.0,27.0,4.0,33.0,90.0,227.0,0.0,1.6
2022-08-04,8,30.0,25.0,27.0,4.0,33.0,90.0,230.0,0.0,1.7
2022-08-04,9,30.0,25.0,28.0,4.0,33.0,90.0,235.0,0.0,1.9
2022-08-04,10,30.0,25.0,29.0,4.0,33.0,85.0,243.0,0.0,2.2
2022-08-04,11,60.0,25.0,30.0,4.0,33.0,80.0,247.0,5.0,2.6
2022-08-04,12,60.0,25.0,31.0,4.0,33.0,80.0,249.0,5.0,2.5
2022-08-04,13,60.0,25.0,31.0,4.0,33.0,75.0,252.0,5.0,2.6
2022-08-04,14,60.0,25.0,31.0,4.0,33.0,75.0,252.0,5.0,2.8
2022-08-04,15,60.0,25.0,32.0,3.0,33.0,75.0,255.0,5.0,3.0
2022-08-04,16,60.0,25.0,32.0,3.0,33.0,75.0,259.0,5.0,3.2
2022-08-04,17,20.0,25.0,31.0,3.0,33.0,75.0,259.0,0.0,3.2
2022-08-04,18,20.0,25.0,30.0,3.0,33.0,75.0,253.0,0.0,3.0
2022-08-04,19,20.0,25.0,29.0,3.0,33.0,80.0,262.0,0.0,1.5
2022-08-04,20,20.0,25.0,28.0,3.0,33.0,85.0,252.0,0.0,0.9
2022-08-04,21,20.0,25.0,28.0,3.0,33.0,90.0,225.0,0.0,1.1
2022-08-04,22,20.0,25.0,27.0,3.0,33.0,95.0,212.0,0.0,0.9
2022-08-04,23,30.0,25.0,26.0,4.0,33.0,95.0,197.0,0.0,1.0
2022-08-05,0,30.0,25.0,27.0,4.0,33.0,95.0,190.0,0.0,1.1
2022-08-05,1,30.0,25.0,27.0,4.0,33.0,95.0,194.0,0.0,1.2
2022-08-05,2,30.0,25.0,26.0,4.0,33.0,95.0,218.0,0.0,1.6
2022-08-05,3,30.0,25.0,26.0,4.0,33.0,95.0,230.0,0.0,1.7
2022-08-05,4,60.0,25.0,26.0,4.0,33.0,95.0,230.0,1.0,1.7
2022-08-05,5,60.0,25.0,26.0,4.0,33.0,95.0,223.0,0.0,1.6
2022-08-05,6,60.0,25.0,26.0,4.0,33.0,95.0,227.0,0.0,1.6
2022-08-05,7,60.0,25.0,27.0,4.0,33.0,95.0,235.0,1.0,2.1
2022-08-05,8,60.0,25.0,28.0,4.0,33.0,90.0,235.0,0.0,2.1
2022-08-05,9,30.0,25.0,28.0,4.0,33.0,90.0,229.0,0.0,2.1
2022-08-05,10,30.0,25.0,28.0,4.0,33.0,90.0,227.0,0.0,2.6
2022-08-05,11,30.0,25.0,29.0,4.0,33.0,85.0,223.0,0.0,2.6
2022-08-05,12,30.0,25.0,30.0,4.0,33.0,80.0,226.0,0.0,3.0
2022-08-05,13,30.0,25.0,31.0,4.0,33.0,75.0,238.0,0.0,3.1
2022-08-05,14,60.0,25.0,31.0,3.0,33.0,75.0,244.0,5.0,3.4
2022-08-05,15,60.0,25.0,31.0,4.0,33.0,75.0,253.0,5.0,3.7
2022-08-05,16,60.0,25.0,31.0,4.0,33.0,75.0,252.0,5.0,3.6
2022-08-05,17,60.0,25.0,31.0,4.0,33.0,75.0,252.0,5.0,3.2
2022-08-05,18,30.0,25.0,30.0,4.0,33.0,80.0,241.0,0.0,2.6
2022-08-05,19,30.0,25.0,29.0,4.0,33.0,85.0,230.0,0.0,1.7
2022-08-05,20,60.0,25.0,28.0,4.0,33.0,90.0,214.0,5.0,1.4
2022-08-05,21,30.0,25.0,28.0,4.0,33.0,90.0,200.0,0.0,1.5
2022-08-05,22,30.0,25.0,27.0,4.0,33.0,95.0,207.0,0.0,1.6
2022-08-05,23,30.0,25.0,27.0,4.0,33.0,95.0,209.0,0.0,1.8
2022-08-06,0,30.0,26.0,27.0,4.0,32.0,95.0,212.0,0.0,1.3
2022-08-06,1,30.0,26.0,27.0,4.0,32.0,95.0,231.0,0.0,2.1
2022-08-06,2,30.0,26.0,27.0,4.0,32.0,95.0,225.0,0.0,2.1
2022-08-06,3,30.0,26.0,27.0,4.0,32.0,95.0,227.0,0.0,2.1
2022-08-06,4,30.0,26.0,27.0,4.0,32.0,95.0,219.0,0.0,1.9
2022-08-06,5,30.0,26.0,26.0,4.0,32.0,95.0,220.0,0.0,1.7
2022-08-06,6,30.0,26.0,26.0,4.0,32.0,95.0,216.0,0.0,1.7
2022-08-06,7,30.0,26.0,27.0,4.0,32.0,90.0,220.0,0.0,1.7
2022-08-06,8,30.0,26.0,28.0,4.0,32.0,90.0,209.0,0.0,1.8
2022-08-06,9,30.0,26.0,29.0,4.0,32.0,85.0,223.0,0.0,2.1
2022-08-06,10,30.0,26.0,30.0,4.0,32.0,85.0,237.0,0.0,2.4
2022-08-06,11,30.0,26.0,31.0,4.0,32.0,80.0,242.0,0.0,2.4
2022-08-06,12,20.0,26.0,32.0,3.0,32.0,80.0,223.0,0.0,2.3
2022-08-06,13,30.0,26.0,32.0,4.0,32.0,75.0,258.0,0.0,3.5
2022-08-06,14,30.0,26.0,32.0,4.0,32.0,75.0,253.0,0.0,2.4
2022-08-06,15,20.0,26.0,32.0,3.0,32.0,75.0,208.0,0.0,1.9
2022-08-06,16,60.0,26.0,33.0,3.0,32.0,75.0,205.0,0.0,2.6
2022-08-06,17,20.0,26.0,32.0,3.0,32.0,75.0,201.0,0.0,2.5
2022-08-06,18,20.0,26.0,31.0,3.0,32.0,75.0,197.0,0.0,2.4
2022-08-06,19,20.0,26.0,30.0,3.0,32.0,80.0,207.0,0.0,1.3
2022-08-06,20,20.0,26.0,29.0,3.0,32.0,85.0,189.0,0.0,1.2
2022-08-06,21,0.0,26.0,29.0,1.0,32.0,90.0,195.0,0.0,1.1
2022-08-06,22,20.0,26.0,28.0,3.0,32.0,95.0,190.0,0.0,1.1
2022-08-06,23,20.0,26.0,28.0,3.0,32.0,95.0,189.0,0.0,1.2
2022-08-07,0,0.0,26.0,28.0,1.0,31.0,95.0,204.0,0.0,1.0
2022-08-07,1,20.0,26.0,27.0,3.0,31.0,95.0,189.0,0.0,1.2
2022-08-07,2,20.0,26.0,27.0,3.0,31.0,95.0,184.0,0.0,1.5
2022-08-07,3,20.0,26.0,27.0,3.0,31.0,95.0,193.0,0.0,1.3
2022-08-07,4,20.0,26.0,27.0,3.0,31.0,95.0,197.0,0.0,1.4
2022-08-07,5,20.0,26.0,27.0,3.0,31.0,95.0,207.0,0.0,1.3
2022-08-07,6,20.0,26.0,27.0,3.0,31.0,95.0,209.0,0.0,2.1
2022-08-07,7,20.0,26.0,28.0,3.0,31.0,90.0,212.0,0.0,1.9
2022-08-07,8,20.0,26.0,28.0,3.0,31.0,90.0,216.0,0.0,2.2
2022-08-07,9,20.0,26.0,29.0,3.0,31.0,85.0,199.0,0.0,2.1
2022-08-07,10,30.0,26.0,30.0,4.0,31.0,80.0,194.0,0.0,2.5
2022-08-07,11,20.0,26.0,31.0,3.0,31.0,75.0,198.0,0.0,2.2
2022-08-07,12,20.0,26.0,32.0,3.0,31.0,75.0,197.0,0.0,2.7
2022-08-07,13,20.0,26.0,32.0,3.0,31.0,70.0,203.0,0.0,2.6
2022-08-07,14,20.0,26.0,33.0,3.0,31.0,70.0,226.0,0.0,2.8
2022-08-07,15,20.0,26.0,32.0,3.0,31.0,70.0,208.0,0.0,2.7
2022-08-07,16,20.0,26.0,32.0,3.0,31.0,70.0,207.0,0.0,3.0
2022-08-07,17,20.0,26.0,32.0,3.0,31.0,70.0,204.0,0.0,3.0
2022-08-07,18,20.0,26.0,32.0,3.0,31.0,75.0,216.0,0.0,2.6
2022-08-07,19,20.0,26.0,30.0,3.0,31.0,80.0,208.0,0.0,1.9
2022-08-07,20,20.0,26.0,29.0,3.0,31.0,85.0,202.0,0.0,1.8
2022-08-07,21,30.0,26.0,29.0,4.0,31.0,85.0,189.0,0.0,1.8
2022-08-07,22,20.0,26.0,28.0,3.0,31.0,90.0,189.0,0.0,1.9
2022-08-07,23,20.0,26.0,28.0,3.0,31.0,90.0,203.0,0.0,3.0
2022-08-08,0,30.0,26.0,27.0,4.0,31.0,90.0,206.0,0.0,2.8
2022-08-08,1,20.0,26.0,27.0,3.0,31.0,95.0,210.0,0.0,3.4
2022-08-08,2,20.0,26.0,27.0,3.0,31.0,95.0,208.0,0.0,3.2
2022-08-08,3,20.0,26.0,27.0,3.0,31.0,90.0,210.0,0.0,3.4
2022-08-08,4,30.0,26.0,27.0,4.0,31.0,95.0,210.0,0.0,3.4
2022-08-08,5,20.0,26.0,27.0,3.0,31.0,95.0,209.0,0.0,3.5
2022-08-08,6,20.0,26.0,27.0,3.0,31.0,95.0,207.0,0.0,3.5
2022-08-08,7,30.0,26.0,27.0,4.0,31.0,90.0,207.0,0.0,3.8
2022-08-08,8,30.0,26.0,28.0,4.0,31.0,85.0,213.0,0.0,4.3
2022-08-08,9,30.0,26.0,29.0,4.0,31.0,85.0,212.0,0.0,4.4
2022-08-08,10,20.0,26.0,29.0,3.0,31.0,80.0,216.0,0.0,4.3
2022-08-08,11,30.0,26.0,30.0,4.0,31.0,70.0,222.0,0.0,4.6
2022-08-08,12,30.0,26.0,31.0,4.0,31.0,70.0,228.0,0.0,4.6
2022-08-08,13,30.0,26.0,31.0,4.0,31.0,65.0,228.0,0.0,4.7
2022-08-08,14,30.0,26.0,31.0,4.0,31.0,65.0,229.0,0.0,4.5
2022-08-08,15,30.0,26.0,31.0,4.0,31.0,65.0,232.0,0.0,4.7
2022-08-08,16,30.0,26.0,31.0,4.0,31.0,70.0,233.0,0.0,4.6
2022-08-08,17,30.0,26.0,31.0,4.0,31.0,70.0,229.0,0.0,4.4
2022-08-08,18,30.0,26.0,30.0,4.0,31.0,75.0,226.0,0.0,3.9
2022-08-08,19,30.0,26.0,29.0,4.0,31.0,80.0,218.0,0.0,2.4
2022-08-08,20,30.0,26.0,28.0,4.0,31.0,85.0,211.0,0.0,2.3
2022-08-08,21,30.0,26.0,28.0,4.0,31.0,85.0,207.0,0.0,2.2
2022-08-08,22,30.0,26.0,27.0,4.0,31.0,90.0,210.0,0.0,2.4
2022-08-08,23,30.0,26.0,27.0,4.0,31.0,90.0,214.0,0.0,2.9
2022-08-09,0,20.0,26.0,28.0,3.0,30.0,90.0,200.0,0.0,2.9
2022-08-09,1,30.0,26.0,27.0,4.0,30.0,90.0,204.0,0.0,3.2
2022-08-09,2,20.0,26.0,27.0,3.0,30.0,90.0,210.0,0.0,3.4
2022-08-09,3,30.0,26.0,27.0,4.0,30.0,90.0,207.0,0.0,3.0
2022-08-09,4,30.0,26.0,27.0,4.0,30.0,90.0,212.0,0.0,3.6
2022-08-09,5,30.0,26.0,26.0,4.0,30.0,90.0,210.0,0.0,3.4
2022-08-09,6,30.0,26.0,26.0,4.0,30.0,90.0,208.0,0.0,3.4
2022-08-09,7,30.0,26.0,27.0,4.0,30.0,85.0,211.0,0.0,3.5
2022-08-09,8,30.0,26.0,28.0,4.0,30.0,85.0,216.0,0.0,3.7
2022-08-09,9,30.0,26.0,29.0,4.0,30.0,85.0,212.0,0.0,3.2
2022-08-09,10,30.0,26.0,29.0,4.0,30.0,80.0,234.0,0.0,4.2
2022-08-09,11,30.0,26.0,30.0,4.0,30.0,75.0,226.0,0.0,3.9
2022-08-09,12,30.0,26.0,30.0,4.0,30.0,75.0,231.0,0.0,4.3
2022-08-09,13,20.0,26.0,31.0,3.0,30.0,70.0,237.0,0.0,4.4
2022-08-09,14,20.0,26.0,31.0,3.0,30.0,70.0,234.0,0.0,4.1
2022-08-09,15,20.0,26.0,31.0,3.0,30.0,70.0,229.0,0.0,4.0
2022-08-09,16,20.0,26.0,31.0,3.0,30.0,70.0,229.0,0.0,3.8
2022-08-09,17,20.0,26.0,31.0,3.0,30.0,75.0,229.0,0.0,4.0
2022-08-09,18,30.0,26.0,30.0,4.0,30.0,75.0,230.0,0.0,3.4
2022-08-09,19,30.0,26.0,29.0,4.0,30.0,80.0,223.0,0.0,2.1
2022-08-09,20,30.0,26.0,28.0,4.0,30.0,85.0,211.0,0.0,1.7
2022-08-09,21,30.0,26.0,28.0,4.0,30.0,85.0,204.0,0.0,2.0
2022-08-09,22,30.0,26.0,28.0,4.0,30.0,90.0,209.0,0.0,2.3
2022-08-09,23,30.0,26.0,27.0,4.0,30.0,90.0,211.0,0.0,2.7
2022-08-10,0,30.0,25.0,28.0,4.0,33.0,90.0,203.0,0.0,3.6
2022-08-10,1,30.0,25.0,27.0,4.0,33.0,90.0,200.0,0.0,3.3
2022-08-10,2,30.0,25.0,27.0,4.0,33.0,90.0,200.0,0.0,3.3
2022-08-10,3,30.0,25.0,27.0,4.0,33.0,90.0,206.0,0.0,3.4
2022-08-10,4,30.0,25.0,27.0,4.0,33.0,90.0,204.0,0.0,3.2
2022-08-10,5,30.0,25.0,26.0,4.0,33.0,90.0,205.0,0.0,3.3
2022-08-10,6,30.0,25.0,26.0,4.0,33.0,90.0,207.0,0.0,3.1
2022-08-10,7,30.0,25.0,27.0,4.0,33.0,90.0,217.0,0.0,3.5
2022-08-10,8,30.0,25.0,28.0,4.0,33.0,85.0,215.0,0.0,3.8
2022-08-10,9,30.0,25.0,28.0,4.0,33.0,85.0,217.0,0.0,4.1
2022-08-10,10,30.0,25.0,29.0,4.0,33.0,80.0,223.0,0.0,4.7
2022-08-10,11,30.0,25.0,28.0,4.0,33.0,80.0,221.0,0.0,3.7
2022-08-10,12,30.0,25.0,28.0,4.0,33.0,80.0,220.0,0.0,4.0
2022-08-10,13,30.0,25.0,29.0,4.0,33.0,80.0,220.0,0.0,3.8
2022-08-10,14,60.0,25.0,29.0,4.0,33.0,80.0,224.0,0.0,3.6
2022-08-10,15,60.0,25.0,29.0,4.0,33.0,80.0,232.0,0.0,3.1
2022-08-10,16,60.0,25.0,29.0,4.0,33.0,80.0,218.0,0.0,2.4
2022-08-10,17,60.0,25.0,29.0,4.0,33.0,80.0,216.0,0.0,2.7
2022-08-10,18,30.0,25.0,29.0,4.0,33.0,85.0,208.0,0.0,2.6
2022-08-10,19,30.0,25.0,28.0,4.0,33.0,85.0,204.0,0.0,2.4
2022-08-10,20,60.0,25.0,28.0,4.0,33.0,90.0,200.0,0.0,2.0
2022-08-10,21,60.0,25.0,27.0,4.0,33.0,90.0,201.0,0.0,1.9
2022-08-10,22,60.0,25.0,27.0,4.0,33.0,90.0,204.0,0.0,2.0
2022-08-10,23,30.0,25.0,27.0,4.0,33.0,90.0,204.0,0.0,2.2
2022-08-11,0,30.0,24.0,27.0,4.0,33.0,90.0,205.0,0.0,2.3
2022-08-11,1,30.0,24.0,27.0,4.0,33.0,95.0,205.0,0.0,2.3
2022-08-11,2,30.0,24.0,27.0,4.0,33.0,95.0,209.0,0.0,2.9
2022-08-11,3,30.0,24.0,27.0,4.0,33.0,95.0,206.0,0.0,2.8
2022-08-11,4,30.0,24.0,27.0,4.0,33.0,95.0,208.0,0.0,2.7
2022-08-11,5,30.0,24.0,26.0,4.0,33.0,95.0,207.0,0.0,2.9
2022-08-11,6,30.0,24.0,26.0,4.0,33.0,95.0,202.0,0.0,2.9
2022-08-11,7,30.0,24.0,27.0,4.0,33.0,90.0,209.0,0.0,3.3
2022-08-11,8,30.0,24.0,27.0,4.0,33.0,90.0,215.0,0.0,3.5
2022-08-11,9,30.0,24.0,28.0,4.0,33.0,85.0,204.0,0.0,3.4
2022-08-11,10,30.0,24.0,28.0,4.0,33.0,85.0,207.0,0.0,3.6
2022-08-11,11,60.0,24.0,28.0,4.0,33.0,85.0,217.0,0.0,4.3
2022-08-11,12,30.0,24.0,28.0,4.0,33.0,80.0,225.0,0.0,4.4
2022-08-11,13,30.0,24.0,28.0,4.0,33.0,80.0,231.0,0.0,4.0
2022-08-11,14,30.0,24.0,28.0,4.0,33.0,85.0,232.0,0.0,3.4
2022-08-11,15,60.0,24.0,28.0,4.0,33.0,85.0,220.0,2.0,3.0
2022-08-11,16,30.0,24.0,28.0,4.0,33.0,85.0,211.0,0.0,2.9
2022-08-11,17,60.0,24.0,29.0,4.0,33.0,85.0,225.0,1.0,3.7
2022-08-11,18,61.0,24.0,28.0,4.0,33.0,85.0,215.0,2.0,2.8
2022-08-11,19,30.0,24.0,28.0,4.0,33.0,90.0,225.0,0.0,1.8
2022-08-11,20,60.0,24.0,27.0,4.0,33.0,90.0,200.0,2.0,2.0
2022-08-11,21,60.0,24.0,27.0,4.0,33.0,90.0,205.0,2.0,2.1
2022-08-11,22,60.0,24.0,27.0,4.0,33.0,90.0,199.0,1.0,2.1
2022-08-11,23,82.0,24.0,27.0,4.0,33.0,95.0,203.0,6.0,2.3
2022-08-12,0,70.0,26.0,26.0,4.0,33.0,95.0,236.0,4.0,1.8
2022-08-12,1,60.0,26.0,26.0,4.0,33.0,95.0,256.0,3.0,1.6
2022-08-12,2,61.0,26.0,26.0,4.0,33.0,95.0,270.0,0.0,1.2
2022-08-12,3,100.0,26.0,25.0,4.0,33.0,95.0,270.0,1.0,1.4
2022-08-12,4,71.0,26.0,25.0,4.0,33.0,95.0,275.0,0.0,1.2
2022-08-12,5,30.0,26.0,25.0,4.0,33.0,95.0,288.0,0.0,0.9
2022-08-12,6,30.0,26.0,25.0,4.0,33.0,95.0,337.0,0.0,0.8
2022-08-12,7,30.0,26.0,26.0,4.0,33.0,90.0,347.0,0.0,0.9
2022-08-12,8,30.0,26.0,26.0,4.0,33.0,90.0,13.0,0.0,1.8
2022-08-12,9,30.0,26.0,27.0,4.0,33.0,85.0,348.0,0.0,1.4
2022-08-12,10,30.0,26.0,28.0,4.0,33.0,80.0,313.0,0.0,1.8
2022-08-12,11,30.0,26.0,30.0,4.0,33.0,75.0,315.0,0.0,2.3
2022-08-12,12,30.0,26.0,30.0,4.0,33.0,70.0,286.0,0.0,1.9
2022-08-12,13,20.0,26.0,32.0,3.0,33.0,65.0,302.0,0.0,1.9
2022-08-12,14,20.0,26.0,32.0,3.0,33.0,65.0,291.0,0.0,1.7
2022-08-12,15,0.0,26.0,32.0,1.0,33.0,60.0,292.0,0.0,2.2
2022-08-12,16,0.0,26.0,32.0,1.0,33.0,60.0,291.0,0.0,2.6
2022-08-12,17,0.0,26.0,32.0,1.0,33.0,65.0,288.0,0.0,2.8
2022-08-12,18,0.0,26.0,30.0,1.0,33.0,70.0,291.0,0.0,2.2
2022-08-12,19,0.0,26.0,29.0,1.0,33.0,75.0,283.0,0.0,1.3
2022-08-12,20,0.0,26.0,28.0,1.0,33.0,80.0,302.0,0.0,0.9
2022-08-12,21,0.0,26.0,27.0,1.0,33.0,85.0,326.0,0.0,1.1
2022-08-12,22,0.0,26.0,26.0,1.0,33.0,90.0,162.0,0.0,0.3
2022-08-12,23,0.0,26.0,25.0,1.0,33.0,90.0,189.0,0.0,0.6
2022-08-13,0,20.0,26.0,26.0,3.0,32.0,90.0,198.0,0.0,0.6
2022-08-13,1,0.0,26.0,25.0,1.0,32.0,95.0,194.0,0.0,0.8
2022-08-13,2,20.0,26.0,25.0,3.0,32.0,95.0,172.0,0.0,0.7
2022-08-13,3,20.0,26.0,25.0,3.0,32.0,95.0,162.0,0.0,0.9
2022-08-13,4,20.0,26.0,25.0,3.0,32.0,95.0,180.0,0.0,0.8
2022-08-13,5,30.0,26.0,25.0,4.0,32.0,95.0,148.0,0.0,1.3
2022-08-13,6,30.0,26.0,25.0,4.0,32.0,95.0,155.0,0.0,1.4
2022-08-13,7,30.0,26.0,26.0,4.0,32.0,95.0,187.0,0.0,1.6
2022-08-13,8,30.0,26.0,27.0,4.0,32.0,90.0,192.0,0.0,1.9
2022-08-13,9,30.0,26.0,28.0,4.0,32.0,85.0,191.0,0.0,2.6
2022-08-13,10,30.0,26.0,29.0,4.0,32.0,85.0,194.0,0.0,2.9
2022-08-13,11,60.0,26.0,31.0,4.0,32.0,80.0,211.0,0.0,3.1
2022-08-13,12,60.0,26.0,32.0,4.0,32.0,75.0,234.0,12.0,3.2
2022-08-13,13,30.0,26.0,32.0,4.0,32.0,75.0,228.0,0.0,3.8
2022-08-13,14,30.0,26.0,32.0,4.0,32.0,70.0,230.0,0.0,3.1
2022-08-13,15,30.0,26.0,32.0,4.0,32.0,70.0,231.0,0.0,3.8
2022-08-13,16,30.0,26.0,32.0,4.0,32.0,70.0,224.0,0.0,3.7
2022-08-13,17,30.0,26.0,31.0,4.0,32.0,70.0,224.0,0.0,2.8
2022-08-13,18,30.0,26.0,31.0,4.0,32.0,75.0,227.0,0.0,2.6
2022-08-13,19,30.0,26.0,30.0,4.0,32.0,80.0,217.0,0.0,2.1
2022-08-13,20,20.0,26.0,28.0,3.0,32.0,85.0,208.0,0.0,2.4
2022-08-13,21,0.0,26.0,28.0,1.0,32.0,85.0,191.0,0.0,2.1
2022-08-13,22,0.0,26.0,27.0,1.0,32.0,90.0,210.0,0.0,2.2
2022-08-13,23,0.0,26.0,27.0,1.0,32.0,90.0,207.0,0.0,2.2
2022-08-14,0,20.0,26.0,27.0,3.0,30.0,90.0,202.0,0.0,2.8
2022-08-14,1,20.0,26.0,27.0,3.0,30.0,95.0,201.0,0.0,2.9
2022-08-14,2,30.0,26.0,27.0,4.0,30.0,95.0,197.0,0.0,3.0
2022-08-14,3,30.0,26.0,27.0,4.0,30.0,95.0,203.0,0.0,2.9
2022-08-14,4,30.0,26.0,27.0,4.0,30.0,95.0,211.0,0.0,3.1
2022-08-14,5,30.0,26.0,27.0,4.0,30.0,95.0,205.0,0.0,3.0
2022-08-14,6,30.0,26.0,27.0,4.0,30.0,95.0,212.0,0.0,3.2
2022-08-14,7,30.0,26.0,27.0,4.0,30.0,90.0,216.0,0.0,3.2
2022-08-14,8,30.0,26.0,28.0,4.0,30.0,90.0,220.0,0.0,3.5
2022-08-14,9,30.0,26.0,29.0,4.0,30.0,85.0,213.0,0.0,4.7
2022-08-14,10,30.0,26.0,30.0,4.0,30.0,85.0,220.0,0.0,5.5
2022-08-14,11,30.0,26.0,30.0,4.0,30.0,80.0,219.0,0.0,5.2
2022-08-14,12,30.0,26.0,31.0,4.0,30.0,75.0,229.0,0.0,4.9
2022-08-14,13,30.0,26.0,32.0,4.0,30.0,75.0,236.0,0.0,4.4
2022-08-14,14,30.0,26.0,32.0,4.0,30.0,75.0,245.0,0.0,4.6
2022-08-14,15,30.0,26.0,32.0,4.0,30.0,70.0,237.0,0.0,3.8
2022-08-14,16,30.0,26.0,32.0,4.0,30.0,70.0,229.0,0.0,4.0
2022-08-14,17,30.0,26.0,32.0,4.0,30.0,70.0,224.0,0.0,3.7
2022-08-14,18,20.0,26.0,31.0,3.0,30.0,75.0,218.0,0.0,3.3
2022-08-14,19,20.0,26.0,30.0,3.0,30.0,80.0,215.0,0.0,2.9
2022-08-14,20,20.0,26.0,29.0,3.0,30.0,85.0,198.0,0.0,2.8
2022-08-14,21,0.0,26.0,28.0,1.0,30.0,85.0,193.0,0.0,3.0
2022-08-14,22,0.0,26.0,28.0,1.0,30.0,90.0,193.0,0.0,3.0
2022-08-14,23,0.0,26.0,27.0,1.0,30.0,90.0,188.0,0.0,3.1
2022-08-15,0,20.0,22.0,28.0,3.0,32.0,90.0,203.0,0.0,3.4
2022-08-15,1,20.0,22.0,28.0,3.0,32.0,90.0,204.0,0.0,3.4
2022-08-15,2,30.0,22.0,27.0,4.0,32.0,90.0,207.0,0.0,3.7
2022-08-15,3,30.0,22.0,27.0,4.0,32.0,90.0,207.0,0.0,3.8
2022-08-15,4,30.0,22.0,27.0,4.0,32.0,90.0,207.0,0.0,3.6
2022-08-15,5,30.0,22.0,27.0,4.0,32.0,90.0,205.0,0.0,3.8
2022-08-15,6,30.0,22.0,27.0,4.0,32.0,90.0,210.0,0.0,3.8
2022-08-15,7,30.0,22.0,28.0,4.0,32.0,90.0,207.0,0.0,4.0
2022-08-15,8,30.0,22.0,28.0,4.0,32.0,85.0,212.0,0.0,4.2
2022-08-15,9,30.0,22.0,29.0,4.0,32.0,80.0,211.0,0.0,4.3
2022-08-15,10,30.0,22.0,30.0,4.0,32.0,80.0,216.0,0.0,4.5
2022-08-15,11,30.0,22.0,31.0,4.0,32.0,70.0,221.0,0.0,4.8
2022-08-15,12,30.0,22.0,32.0,4.0,32.0,70.0,218.0,0.0,4.9
2022-08-15,13,30.0,22.0,32.0,4.0,32.0,65.0,217.0,0.0,5.1
2022-08-15,14,30.0,22.0,32.0,4.0,32.0,65.0,223.0,0.0,5.4
2022-08-15,15,30.0,22.0,32.0,4.0,32.0,65.0,228.0,0.0,5.7
2022-08-15,16,20.0,22.0,32.0,3.0,32.0,70.0,212.0,0.0,3.6
2022-08-15,17,30.0,22.0,31.0,4.0,32.0,75.0,209.0,0.0,3.1
2022-08-15,18,30.0,22.0,30.0,4.0,32.0,75.0,216.0,0.0,3.4
2022-08-15,19,30.0,22.0,30.0,4.0,32.0,80.0,207.0,0.0,2.8
2022-08-15,20,30.0,22.0,29.0,4.0,32.0,85.0,198.0,0.0,2.9
2022-08-15,21,30.0,22.0,29.0,4.0,32.0,85.0,201.0,0.0,3.4
2022-08-15,22,30.0,22.0,28.0,4.0,32.0,90.0,198.0,0.0,3.3
2022-08-15,23,30.0,22.0,28.0,4.0,32.0,90.0,201.0,0.0,3.0
2022-08-16,0,30.0,21.0,28.0,4.0,32.0,90.0,210.0,0.0,4.5
2022-08-16,1,30.0,21.0,28.0,4.0,32.0,90.0,212.0,0.0,4.2
2022-08-16,2,30.0,21.0,27.0,4.0,32.0,90.0,218.0,0.0,4.6
2022-08-16,3,30.0,21.0,27.0,4.0,32.0,95.0,219.0,0.0,3.7
2022-08-16,4,60.0,21.0,26.0,4.0,32.0,95.0,226.0,3.0,4.6
2022-08-16,5,66.0,21.0,26.0,4.0,32.0,95.0,227.0,7.0,2.6
2022-08-16,6,100.0,21.0,26.0,4.0,32.0,95.0,217.0,19.0,4.3
2022-08-16,7,100.0,21.0,26.0,4.0,32.0,90.0,256.0,23.0,6.3
2022-08-16,8,100.0,21.0,26.0,4.0,32.0,90.0,284.0,19.0,3.0
2022-08-16,9,76.0,21.0,26.0,4.0,32.0,90.0,318.0,10.0,3.1
2022-08-16,10,60.0,21.0,26.0,4.0,32.0,95.0,118.0,4.0,1.9
2022-08-16,11,60.0,21.0,27.0,4.0,32.0,90.0,225.0,2.0,2.0
2022-08-16,12,60.0,21.0,27.0,4.0,32.0,90.0,261.0,2.0,1.3
2022-08-16,13,60.0,21.0,28.0,4.0,32.0,85.0,201.0,0.0,2.5
2022-08-16,14,60.0,21.0,28.0,4.0,32.0,85.0,234.0,2.0,1.7
2022-08-16,15,30.0,21.0,29.0,4.0,32.0,85.0,234.0,0.0,1.9
2022-08-16,16,30.0,21.0,28.0,4.0,32.0,85.0,259.0,0.0,2.0
2022-08-16,17,30.0,21.0,28.0,4.0,32.0,85.0,278.0,0.0,2.2
2022-08-16,18,30.0,21.0,28.0,4.0,32.0,85.0,286.0,0.0,1.9
2022-08-16,19,20.0,21.0,27.0,3.0,32.0,85.0,290.0,0.0,1.2
2022-08-16,20,20.0,21.0,27.0,3.0,32.0,90.0,301.0,0.0,1.2
2022-08-16,21,20.0,21.0,26.0,3.0,32.0,90.0,323.0,0.0,1.0
2022-08-16,22,20.0,21.0,26.0,3.0,32.0,95.0,354.0,0.0,1.0
2022-08-16,23,0.0,21.0,26.0,1.0,32.0,95.0,24.0,0.0,1.2
2022-08-17,0,30.0,22.0,25.0,4.0,32.0,95.0,172.0,0.0,0.7
2022-08-17,1,30.0,22.0,25.0,4.0,32.0,95.0,108.0,0.0,0.3
2022-08-17,2,30.0,22.0,25.0,4.0,32.0,95.0,90.0,0.0,0.3
2022-08-17,3,30.0,22.0,24.0,4.0,32.0,95.0,189.0,0.0,0.6
2022-08-17,4,30.0,22.0,24.0,4.0,32.0,95.0,180.0,0.0,0.5
2022-08-17,5,30.0,22.0,24.0,4.0,32.0,95.0,180.0,0.0,0.7
2022-08-17,6,30.0,22.0,24.0,4.0,32.0,95.0,239.0,0.0,0.6
2022-08-17,7,30.0,22.0,25.0,4.0,32.0,90.0,48.0,0.0,1.2
2022-08-17,8,30.0,22.0,25.0,4.0,32.0,90.0,72.0,0.0,0.6
2022-08-17,9,30.0,22.0,26.0,4.0,32.0,85.0,45.0,0.0,0.7
2022-08-17,10,30.0,22.0,26.0,4.0,32.0,85.0,14.0,0.0,0.4
2022-08-17,11,30.0,22.0,27.0,4.0,32.0,80.0,97.0,0.0,0.8
2022-08-17,12,30.0,22.0,28.0,4.0,32.0,75.0,177.0,0.0,2.0
2022-08-17,13,30.0,22.0,29.0,4.0,32.0,75.0,198.0,0.0,2.3
2022-08-17,14,30.0,22.0,29.0,4.0,32.0,70.0,189.0,0.0,1.9
2022-08-17,15,30.0,22.0,29.0,4.0,32.0,70.0,188.0,0.0,1.4
2022-08-17,16,30.0,22.0,29.0,4.0,32.0,70.0,221.0,0.0,1.8
2022-08-17,17,20.0,22.0,29.0,3.0,32.0,70.0,248.0,0.0,2.2
2022-08-17,18,30.0,22.0,28.0,4.0,32.0,75.0,273.0,0.0,2.2
2022-08-17,19,30.0,22.0,26.0,4.0,32.0,80.0,293.0,0.0,1.3
2022-08-17,20,30.0,22.0,25.0,4.0,32.0,80.0,309.0,0.0,1.3
2022-08-17,21,20.0,22.0,25.0,3.0,32.0,85.0,321.0,0.0,1.3
2022-08-17,22,20.0,22.0,24.0,3.0,32.0,90.0,328.0,0.0,0.9
2022-08-17,23,0.0,22.0,23.0,1.0,32.0,90.0,343.0,0.0,1.0
2022-08-18,0,20.0,26.0,23.0,3.0,31.0,90.0,347.0,0.0,0.9
2022-08-18,1,20.0,26.0,23.0,3.0,31.0,95.0,324.0,0.0,0.9
2022-08-18,2,20.0,26.0,22.0,3.0,31.0,95.0,342.0,0.0,0.9
2022-08-18,3,20.0,26.0,22.0,3.0,31.0,95.0,315.0,0.0,1.0
2022-08-18,4,20.0,26.0,21.0,3.0,31.0,95.0,326.0,0.0,1.1
2022-08-18,5,20.0,26.0,21.0,3.0,31.0,95.0,340.0,0.0,1.2
2022-08-18,6,20.0,26.0,21.0,3.0,31.0,95.0,355.0,0.0,1.1
2022-08-18,7,20.0,26.0,22.0,3.0,31.0,95.0,14.0,0.0,0.8
2022-08-18,8,20.0,26.0,23.0,3.0,31.0,90.0,14.0,0.0,0.8
2022-08-18,9,30.0,26.0,25.0,4.0,31.0,85.0,356.0,0.0,1.3
2022-08-18,10,20.0,26.0,27.0,3.0,31.0,75.0,356.0,0.0,1.4
2022-08-18,11,20.0,26.0,28.0,3.0,31.0,70.0,351.0,0.0,1.3
2022-08-18,12,20.0,26.0,29.0,3.0,31.0,65.0,349.0,0.0,1.0
2022-08-18,13,20.0,26.0,30.0,3.0,31.0,60.0,326.0,0.0,0.7
2022-08-18,14,20.0,26.0,31.0,3.0,31.0,55.0,265.0,0.0,1.1
2022-08-18,15,30.0,26.0,31.0,4.0,31.0,55.0,262.0,0.0,1.5
2022-08-18,16,20.0,26.0,31.0,3.0,31.0,55.0,276.0,0.0,1.8
2022-08-18,17,20.0,26.0,31.0,3.0,31.0,60.0,285.0,0.0,2.0
2022-08-18,18,0.0,26.0,29.0,1.0,31.0,65.0,291.0,0.0,1.9
2022-08-18,19,0.0,26.0,27.0,1.0,31.0,75.0,288.0,0.0,1.6
2022-08-18,20,0.0,26.0,26.0,1.0,31.0,85.0,294.0,0.0,1.2
2022-08-18,21,0.0,26.0,25.0,1.0,31.0,85.0,306.0,0.0,0.9
2022-08-18,22,0.0,26.0,24.0,1.0,31.0,90.0,297.0,0.0,0.4
2022-08-18,23,0.0,26.0,24.0,1.0,31.0,90.0,153.0,0.0,0.2
2022-08-19,0,0.0,23.0,23.0,1.0,33.0,90.0,171.0,0.0,1.3
2022-08-19,1,0.0,23.0,23.0,1.0,33.0,90.0,162.0,0.0,1.3
2022-08-19,2,0.0,23.0,22.0,1.0,33.0,95.0,148.0,0.0,1.3
2022-08-19,3,0.0,23.0,22.0,1.0,33.0,95.0,159.0,0.0,1.4
2022-08-19,4,0.0,23.0,22.0,1.0,33.0,95.0,153.0,0.0,1.3
2022-08-19,5,30.0,23.0,21.0,4.0,33.0,95.0,143.0,0.0,1.5
2022-08-19,6,30.0,23.0,22.0,4.0,33.0,95.0,155.0,0.0,1.9
2022-08-19,7,30.0,23.0,23.0,4.0,33.0,90.0,161.0,0.0,1.8
2022-08-19,8,30.0,23.0,25.0,4.0,33.0,85.0,175.0,0.0,2.1
2022-08-19,9,30.0,23.0,26.0,4.0,33.0,80.0,187.0,0.0,2.4
2022-08-19,10,30.0,23.0,28.0,4.0,33.0,80.0,185.0,0.0,2.2
2022-08-19,11,30.0,23.0,29.0,4.0,33.0,80.0,207.0,0.0,3.6
2022-08-19,12,30.0,23.0,30.0,4.0,33.0,75.0,219.0,0.0,4.0
2022-08-19,13,60.0,23.0,31.0,3.0,33.0,75.0,221.0,3.0,4.0
2022-08-19,14,60.0,23.0,32.0,3.0,33.0,75.0,220.0,3.0,4.2
2022-08-19,15,20.0,23.0,32.0,3.0,33.0,70.0,221.0,0.0,4.4
2022-08-19,16,30.0,23.0,31.0,4.0,33.0,75.0,218.0,0.0,4.3
2022-08-19,17,30.0,23.0,31.0,4.0,33.0,75.0,218.0,0.0,4.1
2022-08-19,18,30.0,23.0,30.0,4.0,33.0,80.0,210.0,0.0,3.0
2022-08-19,19,30.0,23.0,29.0,4.0,33.0,85.0,215.0,0.0,2.4
2022-08-19,20,30.0,23.0,28.0,4.0,33.0,90.0,217.0,0.0,2.5
2022-08-19,21,30.0,23.0,28.0,4.0,33.0,90.0,208.0,0.0,2.7
2022-08-19,22,30.0,23.0,27.0,4.0,33.0,90.0,216.0,0.0,2.7
2022-08-19,23,30.0,23.0,27.0,4.0,33.0,90.0,222.0,0.0,2.7
2022-08-20,0,30.0,23.0,27.0,4.0,32.0,95.0,220.0,0.0,2.5
2022-08-20,1,30.0,23.0,27.0,4.0,32.0,95.0,216.0,0.0,2.7
2022-08-20,2,30.0,23.0,27.0,4.0,32.0,95.0,224.0,0.0,2.9
2022-08-20,3,30.0,23.0,27.0,4.0,32.0,95.0,223.0,0.0,2.5
2022-08-20,4,30.0,23.0,26.0,4.0,32.0,95.0,220.0,0.0,2.5
2022-08-20,5,60.0,23.0,26.0,4.0,32.0,95.0,252.0,3.0,1.9
2022-08-20,6,60.0,23.0,26.0,4.0,32.0,95.0,233.0,3.0,0.5
2022-08-20,7,72.0,23.0,26.0,4.0,32.0,95.0,153.0,6.0,0.7
2022-08-20,8,70.0,23.0,27.0,4.0,32.0,95.0,192.0,5.0,1.4
2022-08-20,9,100.0,23.0,27.0,4.0,32.0,95.0,205.0,15.0,1.4
2022-08-20,10,65.0,23.0,27.0,4.0,32.0,90.0,203.0,4.0,1.5
2022-08-20,11,30.0,23.0,28.0,4.0,32.0,90.0,221.0,0.0,1.8
2022-08-20,12,60.0,23.0,28.0,4.0,32.0,90.0,259.0,0.0,1.6
2022-08-20,13,60.0,23.0,29.0,4.0,32.0,85.0,276.0,2.0,1.8
2022-08-20,14,60.0,23.0,29.0,4.0,32.0,85.0,243.0,0.0,0.7
2022-08-20,15,60.0,23.0,30.0,4.0,32.0,85.0,267.0,0.0,1.9
2022-08-20,16,30.0,23.0,29.0,4.0,32.0,85.0,279.0,0.0,1.9
2022-08-20,17,30.0,23.0,29.0,4.0,32.0,80.0,286.0,0.0,1.5
2022-08-20,18,20.0,23.0,28.0,3.0,32.0,80.0,302.0,0.0,1.5
2022-08-20,19,20.0,23.0,27.0,3.0,32.0,85.0,318.0,0.0,1.5
2022-08-20,20,0.0,23.0,26.0,1.0,32.0,90.0,324.0,0.0,1.4
2022-08-20,21,0.0,23.0,25.0,1.0,32.0,90.0,322.0,0.0,1.1
2022-08-20,22,20.0,23.0,24.0,3.0,32.0,95.0,336.0,0.0,1.0
2022-08-20,23,20.0,23.0,24.0,3.0,32.0,95.0,347.0,0.0,0.9
2022-08-21,0,0.0,23.0,24.0,1.0,32.0,95.0,352.0,0.0,0.7
2022-08-21,1,20.0,23.0,23.0,3.0,32.0,95.0,360.0,0.0,0.6
2022-08-21,2,20.0,23.0,23.0,3.0,32.0,95.0,11.0,0.0,0.5
2022-08-21,3,30.0,23.0,23.0,4.0,32.0,95.0,360.0,0.0,0.4
2022-08-21,4,30.0,23.0,23.0,4.0,32.0,95.0,14.0,0.0,0.4
2022-08-21,5,30.0,23.0,23.0,4.0,32.0,95.0,9.0,0.0,0.6
2022-08-21,6,30.0,23.0,23.0,4.0,32.0,95.0,31.0,0.0,0.6
2022-08-21,7,30.0,23.0,24.0,4.0,32.0,95.0,72.0,0.0,0.6
2022-08-21,8,30.0,23.0,25.0,4.0,32.0,90.0,103.0,0.0,0.9
2022-08-21,9,30.0,23.0,26.0,4.0,32.0,90.0,117.0,0.0,1.1
2022-08-21,10,30.0,23.0,27.0,4.0,32.0,85.0,107.0,0.0,1.0
2022-08-21,11,30.0,23.0,28.0,4.0,32.0,80.0,95.0,0.0,1.2
2022-08-21,12,30.0,23.0,29.0,4.0,32.0,80.0,86.0,0.0,1.3
2022-08-21,13,30.0,23.0,30.0,4.0,32.0,75.0,75.0,0.0,1.1
2022-08-21,14,30.0,23.0,31.0,4.0,32.0,70.0,49.0,0.0,0.9
2022-08-21,15,30.0,23.0,31.0,4.0,32.0,70.0,5.0,0.0,1.1
2022-08-21,16,60.0,23.0,31.0,4.0,32.0,70.0,342.0,7.0,1.3
2022-08-21,17,60.0,23.0,30.0,4.0,32.0,75.0,330.0,7.0,1.6
2022-08-21,18,60.0,23.0,29.0,4.0,32.0,80.0,327.0,7.0,1.7
2022-08-21,19,30.0,23.0,28.0,4.0,32.0,85.0,330.0,0.0,1.4
2022-08-21,20,30.0,23.0,27.0,4.0,32.0,90.0,338.0,0.0,1.1
2022-08-21,21,30.0,23.0,26.0,4.0,32.0,90.0,346.0,0.0,0.8
2022-08-21,22,30.0,23.0,26.0,4.0,32.0,90.0,11.0,0.0,1.0
2022-08-21,23,30.0,23.0,26.0,4.0,32.0,90.0,40.0,0.0,0.8
2022-08-22,0,20.0,22.0,25.0,3.0,30.0,90.0,175.0,0.0,1.1
2022-08-22,1,20.0,22.0,25.0,3.0,30.0,95.0,165.0,0.0,1.1
2022-08-22,2,20.0,22.0,25.0,3.0,30.0,95.0,163.0,0.0,1.0
2022-08-22,3,30.0,22.0,24.0,4.0,30.0,95.0,156.0,0.0,1.0
2022-08-22,4,30.0,22.0,24.0,4.0,30.0,95.0,162.0,0.0,0.6
2022-08-22,5,30.0,22.0,24.0,4.0,30.0,95.0,146.0,0.0,0.7
2022-08-22,6,30.0,22.0,24.0,4.0,30.0,95.0,139.0,0.0,0.9
2022-08-22,7,30.0,22.0,24.0,4.0,30.0,95.0,132.0,0.0,1.2
2022-08-22,8,30.0,22.0,25.0,4.0,30.0,90.0,132.0,0.0,1.3
2022-08-22,9,30.0,22.0,27.0,4.0,30.0,80.0,146.0,0.0,1.1
2022-08-22,10,20.0,22.0,28.0,3.0,30.0,75.0,151.0,0.0,1.3
2022-08-22,11,30.0,22.0,29.0,4.0,30.0,70.0,195.0,0.0,1.1
2022-08-22,12,0.0,22.0,30.0,1.0,30.0,65.0,236.0,0.0,1.4
2022-08-22,13,20.0,22.0,31.0,3.0,30.0,60.0,215.0,0.0,1.6
2022-08-22,14,20.0,22.0,31.0,3.0,30.0,60.0,221.0,0.0,1.8
2022-08-22,15,20.0,22.0,32.0,3.0,30.0,60.0,247.0,0.0,2.1
2022-08-22,16,20.0,22.0,32.0,3.0,30.0,60.0,233.0,0.0,2.0
2022-08-22,17,20.0,22.0,31.0,3.0,30.0,65.0,239.0,0.0,2.1
2022-08-22,18,20.0,22.0,30.0,3.0,30.0,70.0,246.0,0.0,1.7
2022-08-22,19,0.0,22.0,28.0,1.0,30.0,75.0,249.0,0.0,1.4
2022-08-22,20,0.0,22.0,27.0,1.0,30.0,80.0,259.0,0.0,1.5
2022-08-22,21,30.0,22.0,26.0,4.0,30.0,85.0,245.0,0.0,1.4
2022-08-22,22,20.0,22.0,26.0,3.0,30.0,90.0,207.0,0.0,1.1
2022-08-22,23,30.0,22.0,25.0,4.0,30.0,90.0,195.0,0.0,1.1
2022-08-23,0,30.0,22.0,25.0,4.0,30.0,90.0,160.0,0.0,1.5
2022-08-23,1,30.0,22.0,25.0,4.0,30.0,90.0,180.0,0.0,1.2
2022-08-23,2,30.0,22.0,25.0,4.0,30.0,90.0,180.0,0.0,1.3
2022-08-23,3,30.0,22.0,25.0,4.0,30.0,90.0,168.0,0.0,1.4
2022-08-23,4,30.0,22.0,25.0,4.0,30.0,95.0,176.0,0.0,1.6
2022-08-23,5,20.0,22.0,24.0,3.0,30.0,95.0,171.0,0.0,1.3
2022-08-23,6,30.0,22.0,24.0,4.0,30.0,95.0,156.0,0.0,1.2
2022-08-23,7,30.0,22.0,25.0,4.0,30.0,90.0,180.0,0.0,1.3
2022-08-23,8,30.0,22.0,26.0,4.0,30.0,85.0,199.0,0.0,1.8
2022-08-23,9,30.0,22.0,27.0,4.0,30.0,85.0,205.0,0.0,2.3
2022-08-23,10,30.0,22.0,28.0,4.0,30.0,85.0,227.0,0.0,2.3
2022-08-23,11,30.0,22.0,28.0,4.0,30.0,85.0,253.0,0.0,3.8
2022-08-23,12,60.0,22.0,28.0,4.0,30.0,85.0,340.0,0.0,2.7
2022-08-23,13,60.0,22.0,29.0,4.0,30.0,85.0,42.0,3.0,1.3
2022-08-23,14,60.0,22.0,29.0,4.0,30.0,85.0,21.0,1.0,1.4
2022-08-23,15,60.0,22.0,29.0,4.0,30.0,85.0,343.0,14.0,1.0
2022-08-23,16,60.0,22.0,29.0,4.0,30.0,85.0,311.0,3.0,2.1
2022-08-23,17,60.0,22.0,28.0,4.0,30.0,85.0,70.0,3.0,1.2
2022-08-23,18,60.0,22.0,27.0,4.0,30.0,90.0,87.0,1.0,1.7
2022-08-23,19,30.0,22.0,27.0,4.0,30.0,90.0,69.0,0.0,0.9
2022-08-23,20,30.0,22.0,26.0,4.0,30.0,90.0,333.0,0.0,0.7
2022-08-23,21,30.0,22.0,26.0,4.0,30.0,90.0,338.0,0.0,1.1
2022-08-23,22,30.0,22.0,25.0,4.0,30.0,90.0,355.0,0.0,1.2
2022-08-23,23,30.0,22.0,24.0,4.0,30.0,90.0,13.0,0.0,1.3
2022-08-24,0,30.0,21.0,25.0,4.0,29.0,90.0,360.0,0.0,1.7
2022-08-24,1,30.0,21.0,25.0,4.0,29.0,90.0,353.0,0.0,1.7
2022-08-24,2,30.0,21.0,25.0,4.0,29.0,90.0,342.0,0.0,1.6
2022-08-24,3,30.0,21.0,25.0,4.0,29.0,90.0,337.0,0.0,1.5
2022-08-24,4,30.0,21.0,24.0,4.0,29.0,90.0,325.0,0.0,1.6
2022-08-24,5,30.0,21.0,24.0,4.0,29.0,90.0,328.0,0.0,1.3
2022-08-24,6,30.0,21.0,24.0,4.0,29.0,90.0,318.0,0.0,1.2
2022-08-24,7,30.0,21.0,24.0,4.0,29.0,90.0,315.0,0.0,1.1
2022-08-24,8,30.0,21.0,25.0,4.0,29.0,90.0,306.0,0.0,0.9
2022-08-24,9,30.0,21.0,25.0,4.0,29.0,90.0,302.0,0.0,0.9
2022-08-24,10,30.0,21.0,26.0,4.0,29.0,85.0,297.0,0.0,1.1
2022-08-24,11,30.0,21.0,27.0,4.0,29.0,85.0,304.0,0.0,1.1
2022-08-24,12,30.0,21.0,28.0,4.0,29.0,80.0,309.0,0.0,1.4
2022-08-24,13,30.0,21.0,29.0,4.0,29.0,75.0,298.0,0.0,1.7
2022-08-24,14,30.0,21.0,29.0,4.0,29.0,70.0,295.0,0.0,2.1
2022-08-24,15,30.0,21.0,29.0,4.0,29.0,70.0,299.0,0.0,2.1
2022-08-24,16,30.0,21.0,29.0,4.0,29.0,70.0,304.0,0.0,1.8
2022-08-24,17,30.0,21.0,28.0,4.0,29.0,75.0,304.0,0.0,1.4
2022-08-24,18,30.0,21.0,27.0,4.0,29.0,75.0,293.0,0.0,1.3
2022-08-24,19,30.0,21.0,26.0,4.0,29.0,80.0,263.0,0.0,0.8
2022-08-24,20,30.0,21.0,26.0,4.0,29.0,85.0,264.0,0.0,1.0
2022-08-24,21,30.0,21.0,25.0,4.0,29.0,85.0,294.0,0.0,1.0
2022-08-24,22,30.0,21.0,25.0,4.0,29.0,90.0,236.0,0.0,0.4
2022-08-24,23,30.0,21.0,24.0,4.0,29.0,90.0,243.0,0.0,0.4
2022-08-25,0,30.0,20.0,24.0,4.0,29.0,90.0,174.0,0.0,1.0
2022-08-25,1,30.0,20.0,23.0,4.0,29.0,90.0,180.0,0.0,1.0
2022-08-25,2,30.0,20.0,23.0,4.0,29.0,90.0,180.0,0.0,1.0
2022-08-25,3,30.0,20.0,23.0,4.0,29.0,95.0,180.0,0.0,0.9
2022-08-25,4,20.0,20.0,22.0,3.0,29.0,95.0,180.0,0.0,0.9
2022-08-25,5,20.0,20.0,22.0,3.0,29.0,95.0,174.0,0.0,0.9
2022-08-25,6,20.0,20.0,21.0,3.0,29.0,95.0,166.0,0.0,0.8
2022-08-25,7,30.0,20.0,23.0,4.0,29.0,95.0,193.0,0.0,0.9
2022-08-25,8,30.0,20.0,24.0,4.0,29.0,90.0,180.0,0.0,1.0
2022-08-25,9,30.0,20.0,25.0,4.0,29.0,85.0,197.0,0.0,1.0
2022-08-25,10,30.0,20.0,26.0,4.0,29.0,75.0,264.0,0.0,1.0
2022-08-25,11,20.0,20.0,27.0,3.0,29.0,75.0,290.0,0.0,1.5
2022-08-25,12,30.0,20.0,28.0,4.0,29.0,70.0,300.0,0.0,2.0
2022-08-25,13,30.0,20.0,29.0,4.0,29.0,65.0,303.0,0.0,2.4
2022-08-25,14,20.0,20.0,30.0,3.0,29.0,65.0,304.0,0.0,2.7
2022-08-25,15,20.0,20.0,30.0,3.0,29.0,65.0,304.0,0.0,2.7
2022-08-25,16,20.0,20.0,29.0,3.0,29.0,65.0,312.0,0.0,3.0
2022-08-25,17,30.0,20.0,28.0,4.0,29.0,65.0,320.0,0.0,3.4
2022-08-25,18,30.0,20.0,27.0,4.0,29.0,70.0,326.0,0.0,3.2
2022-08-25,19,30.0,20.0,25.0,4.0,29.0,70.0,325.0,0.0,1.9
2022-08-25,20,30.0,20.0,24.0,4.0,29.0,75.0,309.0,0.0,1.4
2022-08-25,21,30.0,20.0,23.0,4.0,29.0,75.0,319.0,0.0,2.1
2022-08-25,22,30.0,20.0,23.0,4.0,29.0,75.0,326.0,0.0,1.1
2022-08-25,23,30.0,20.0,23.0,4.0,29.0,75.0,315.0,0.0,1.1
2022-08-26,0,30.0,16.0,22.0,4.0,29.0,80.0,10.0,0.0,1.1
2022-08-26,1,30.0,16.0,21.0,4.0,29.0,80.0,339.0,0.0,0.9
2022-08-26,2,20.0,16.0,21.0,3.0,29.0,80.0,338.0,0.0,1.1
2022-08-26,3,30.0,16.0,21.0,4.0,29.0,85.0,331.0,0.0,1.0
2022-08-26,4,30.0,16.0,21.0,4.0,29.0,80.0,354.0,0.0,1.0
2022-08-26,5,30.0,16.0,20.0,4.0,29.0,85.0,5.0,0.0,1.1
2022-08-26,6,20.0,16.0,20.0,3.0,29.0,90.0,29.0,0.0,1.0
2022-08-26,7,20.0,16.0,21.0,3.0,29.0,85.0,45.0,0.0,1.3
2022-08-26,8,20.0,16.0,23.0,3.0,29.0,75.0,25.0,0.0,1.4
2022-08-26,9,20.0,16.0,24.0,3.0,29.0,75.0,7.0,0.0,1.6
2022-08-26,10,20.0,16.0,26.0,3.0,29.0,70.0,357.0,0.0,2.0
2022-08-26,11,0.0,16.0,27.0,1.0,29.0,65.0,357.0,0.0,2.0
2022-08-26,12,0.0,16.0,28.0,1.0,29.0,60.0,349.0,0.0,1.5
2022-08-26,13,20.0,16.0,29.0,3.0,29.0,55.0,331.0,0.0,1.8
2022-08-26,14,0.0,16.0,29.0,1.0,29.0,55.0,328.0,0.0,1.9
2022-08-26,15,20.0,16.0,29.0,3.0,29.0,55.0,323.0,0.0,2.0
2022-08-26,16,20.0,16.0,29.0,3.0,29.0,55.0,321.0,0.0,2.2
2022-08-26,17,0.0,16.0,28.0,1.0,29.0,60.0,317.0,0.0,1.9
2022-08-26,18,0.0,16.0,27.0,1.0,29.0,65.0,313.0,0.0,1.8
2022-08-26,19,0.0,16.0,25.0,1.0,29.0,70.0,309.0,0.0,1.4
2022-08-26,20,0.0,16.0,24.0,1.0,29.0,80.0,312.0,0.0,1.3
2022-08-26,21,0.0,16.0,23.0,1.0,29.0,85.0,321.0,0.0,1.3
2022-08-26,22,0.0,16.0,22.0,1.0,29.0,85.0,333.0,0.0,1.1
2022-08-26,23,0.0,16.0,21.0,1.0,29.0,90.0,349.0,0.0,1.0
2022-08-27,0,20.0,18.0,21.0,3.0,28.0,90.0,326.0,0.0,1.4
2022-08-27,1,30.0,18.0,21.0,4.0,28.0,90.0,324.0,0.0,1.4
2022-08-27,2,30.0,18.0,21.0,4.0,28.0,90.0,326.0,0.0,1.1
2022-08-27,3,30.0,18.0,20.0,4.0,28.0,95.0,319.0,0.0,0.9
2022-08-27,4,30.0,18.0,20.0,4.0,28.0,95.0,324.0,0.0,0.9
2022-08-27,5,30.0,18.0,20.0,4.0,28.0,90.0,360.0,0.0,0.6
2022-08-27,6,30.0,18.0,20.0,4.0,28.0,95.0,329.0,0.0,0.6
2022-08-27,7,30.0,18.0,21.0,4.0,28.0,85.0,360.0,0.0,0.7
2022-08-27,8,30.0,18.0,23.0,4.0,28.0,85.0,356.0,0.0,1.3
2022-08-27,9,30.0,18.0,24.0,4.0,28.0,75.0,2.0,0.0,2.7
2022-08-27,10,30.0,18.0,25.0,4.0,28.0,70.0,2.0,0.0,3.1
2022-08-27,11,20.0,18.0,26.0,3.0,28.0,60.0,360.0,0.0,3.1
2022-08-27,12,0.0,18.0,26.0,1.0,28.0,50.0,353.0,0.0,3.1
2022-08-27,13,0.0,18.0,27.0,1.0,28.0,45.0,351.0,0.0,3.1
2022-08-27,14,0.0,18.0,27.0,1.0,28.0,40.0,347.0,0.0,3.1
2022-08-27,15,0.0,18.0,27.0,1.0,28.0,40.0,347.0,0.0,3.2
2022-08-27,16,0.0,18.0,27.0,1.0,28.0,40.0,349.0,0.0,3.2
2022-08-27,17,0.0,18.0,26.0,1.0,28.0,45.0,349.0,0.0,2.6
2022-08-27,18,0.0,18.0,25.0,1.0,28.0,50.0,342.0,0.0,1.6
2022-08-27,19,0.0,18.0,23.0,1.0,28.0,60.0,333.0,0.0,1.3
2022-08-27,20,0.0,18.0,21.0,1.0,28.0,65.0,339.0,0.0,1.7
2022-08-27,21,0.0,18.0,20.0,1.0,28.0,70.0,356.0,0.0,1.4
2022-08-27,22,0.0,18.0,19.0,1.0,28.0,70.0,4.0,0.0,1.4
2022-08-27,23,0.0,18.0,19.0,1.0,28.0,75.0,12.0,0.0,1.4
2022-08-28,0,0.0,21.0,18.0,1.0,27.0,75.0,14.0,0.0,1.6
2022-08-28,1,0.0,21.0,18.0,1.0,27.0,80.0,16.0,0.0,1.8
2022-08-28,2,0.0,21.0,17.0,1.0,27.0,80.0,17.0,0.0,1.7
2022-08-28,3,0.0,21.0,17.0,1.0,27.0,80.0,23.0,0.0,1.5
2022-08-28,4,0.0,21.0,16.0,1.0,27.0,85.0,32.0,0.0,1.5
2022-08-28,5,0.0,21.0,16.0,1.0,27.0,85.0,35.0,0.0,1.2
2022-08-28,6,0.0,21.0,16.0,1.0,27.0,85.0,48.0,0.0,1.3
2022-08-28,7,0.0,21.0,17.0,1.0,27.0,85.0,59.0,0.0,1.2
2022-08-28,8,0.0,21.0,19.0,1.0,27.0,75.0,45.0,0.0,1.7
2022-08-28,9,30.0,21.0,21.0,4.0,27.0,65.0,43.0,0.0,1.6
2022-08-28,10,30.0,21.0,22.0,4.0,27.0,60.0,45.0,0.0,1.4
2022-08-28,11,30.0,21.0,23.0,4.0,27.0,55.0,70.0,0.0,1.2
2022-08-28,12,30.0,21.0,24.0,4.0,27.0,55.0,103.0,0.0,0.9
2022-08-28,13,30.0,21.0,25.0,4.0,27.0,50.0,127.0,0.0,1.0
2022-08-28,14,20.0,21.0,27.0,3.0,27.0,45.0,162.0,0.0,0.9
2022-08-28,15,30.0,21.0,27.0,4.0,27.0,45.0,174.0,0.0,0.9
2022-08-28,16,30.0,21.0,27.0,4.0,27.0,45.0,180.0,0.0,0.7
2022-08-28,17,20.0,21.0,27.0,3.0,27.0,50.0,159.0,0.0,0.9
2022-08-28,18,20.0,21.0,26.0,3.0,27.0,60.0,172.0,0.0,0.7
2022-08-28,19,20.0,21.0,24.0,3.0,27.0,65.0,163.0,0.0,1.7
2022-08-28,20,20.0,21.0,23.0,3.0,27.0,70.0,163.0,0.0,1.4
2022-08-28,21,20.0,21.0,22.0,3.0,27.0,75.0,157.0,0.0,1.3
2022-08-28,22,30.0,21.0,21.0,4.0,27.0,75.0,150.0,0.0,1.6
2022-08-28,23,30.0,21.0,21.0,4.0,27.0,80.0,145.0,0.0,1.6
2022-08-29,0,30.0,23.0,21.0,4.0,27.0,85.0,103.0,0.0,1.3
2022-08-29,1,30.0,23.0,20.0,4.0,27.0,85.0,105.0,0.0,1.1
2022-08-29,2,30.0,23.0,20.0,4.0,27.0,80.0,105.0,0.0,1.6
2022-08-29,3,30.0,23.0,20.0,4.0,27.0,80.0,97.0,0.0,1.6
2022-08-29,4,30.0,23.0,20.0,4.0,27.0,80.0,90.0,0.0,1.7
2022-08-29,5,30.0,23.0,19.0,4.0,27.0,80.0,97.0,0.0,1.6
2022-08-29,6,30.0,23.0,19.0,4.0,27.0,80.0,99.0,0.0,1.8
2022-08-29,7,30.0,23.0,20.0,4.0,27.0,80.0,94.0,0.0,1.5
2022-08-29,8,30.0,23.0,21.0,4.0,27.0,75.0,90.0,0.0,1.5
2022-08-29,9,30.0,23.0,22.0,4.0,27.0,75.0,86.0,0.0,1.6
2022-08-29,10,30.0,23.0,23.0,4.0,27.0,70.0,90.0,0.0,2.1
2022-08-29,11,30.0,23.0,24.0,4.0,27.0,65.0,94.0,0.0,2.6
2022-08-29,12,30.0,23.0,25.0,4.0,27.0,65.0,102.0,0.0,2.4
2022-08-29,13,30.0,23.0,25.0,4.0,27.0,65.0,110.0,0.0,2.3
2022-08-29,14,30.0,23.0,25.0,4.0,27.0,65.0,115.0,0.0,1.9
2022-08-29,15,30.0,23.0,25.0,4.0,27.0,70.0,119.0,0.0,2.1
2022-08-29,16,30.0,23.0,24.0,4.0,27.0,75.0,123.0,0.0,2.4
2022-08-29,17,30.0,23.0,24.0,4.0,27.0,75.0,126.0,0.0,1.7
2022-08-29,18,30.0,23.0,24.0,4.0,27.0,80.0,110.0,0.0,1.2
2022-08-29,19,30.0,23.0,23.0,4.0,27.0,80.0,100.0,0.0,1.1
2022-08-29,20,30.0,23.0,22.0,4.0,27.0,85.0,104.0,0.0,1.2
2022-08-29,21,30.0,23.0,22.0,4.0,27.0,85.0,118.0,0.0,1.5
2022-08-29,22,30.0,23.0,22.0,4.0,27.0,85.0,123.0,0.0,1.7
2022-08-29,23,30.0,23.0,22.0,4.0,27.0,85.0,123.0,0.0,2.0
2022-08-30,0,30.0,20.0,22.0,4.0,30.0,90.0,128.0,0.0,1.6
2022-08-30,1,30.0,20.0,22.0,4.0,30.0,90.0,135.0,0.0,1.7
2022-08-30,2,30.0,20.0,22.0,4.0,30.0,90.0,142.0,0.0,1.8
2022-08-30,3,30.0,20.0,22.0,4.0,30.0,90.0,137.0,0.0,1.9
2022-08-30,4,60.0,20.0,22.0,4.0,30.0,95.0,137.0,2.0,1.9
2022-08-30,5,60.0,20.0,22.0,4.0,30.0,95.0,126.0,0.0,1.7
2022-08-30,6,60.0,20.0,22.0,4.0,30.0,95.0,133.0,3.0,1.9
2022-08-30,7,60.0,20.0,22.0,4.0,30.0,90.0,137.0,0.0,1.9
2022-08-30,8,30.0,20.0,23.0,4.0,30.0,90.0,141.0,0.0,1.9
2022-08-30,9,30.0,20.0,25.0,4.0,30.0,85.0,145.0,0.0,2.9
2022-08-30,10,30.0,20.0,26.0,4.0,30.0,85.0,155.0,0.0,3.3
2022-08-30,11,30.0,20.0,27.0,4.0,30.0,80.0,164.0,0.0,3.3
2022-08-30,12,30.0,20.0,27.0,4.0,30.0,80.0,174.0,0.0,2.8
2022-08-30,13,30.0,20.0,27.0,4.0,30.0,80.0,189.0,0.0,2.0
2022-08-30,14,30.0,20.0,27.0,4.0,30.0,80.0,218.0,0.0,2.3
2022-08-30,15,30.0,20.0,27.0,4.0,30.0,80.0,233.0,0.0,2.1
2022-08-30,16,30.0,20.0,27.0,4.0,30.0,85.0,231.0,0.0,2.1
2022-08-30,17,30.0,20.0,26.0,4.0,30.0,85.0,236.0,0.0,2.3
2022-08-30,18,60.0,20.0,26.0,4.0,30.0,85.0,245.0,0.0,1.7
2022-08-30,19,60.0,20.0,25.0,4.0,30.0,90.0,241.0,2.0,1.0
2022-08-30,20,60.0,20.0,25.0,4.0,30.0,95.0,246.0,2.0,1.0
2022-08-30,21,60.0,20.0,25.0,4.0,30.0,95.0,270.0,1.0,1.1
2022-08-30,22,30.0,20.0,24.0,4.0,30.0,95.0,253.0,0.0,1.0
2022-08-30,23,60.0,20.0,24.0,4.0,30.0,95.0,241.0,2.0,1.0
2022-08-31,0,60.0,20.0,24.0,4.0,27.0,95.0,276.0,2.0,1.8
2022-08-31,1,60.0,20.0,24.0,4.0,27.0,95.0,291.0,1.0,1.9
2022-08-31,2,60.0,20.0,23.0,4.0,27.0,95.0,307.0,1.0,2.0
2022-08-31,3,60.0,20.0,23.0,4.0,27.0,95.0,315.0,2.0,2.1
2022-08-31,4,30.0,20.0,23.0,4.0,27.0,95.0,323.0,0.0,2.1
2022-08-31,5,60.0,20.0,22.0,4.0,27.0,95.0,336.0,5.0,1.7
2022-08-31,6,60.0,20.0,22.0,4.0,27.0,95.0,345.0,2.0,1.6
2022-08-31,7,30.0,20.0,22.0,4.0,27.0,90.0,339.0,0.0,1.7
2022-08-31,8,30.0,20.0,22.0,4.0,27.0,90.0,340.0,0.0,2.0
2022-08-31,9,30.0,20.0,23.0,4.0,27.0,90.0,346.0,0.0,2.5
2022-08-31,10,30.0,20.0,23.0,4.0,27.0,90.0,352.0,0.0,2.8
2022-08-31,11,30.0,20.0,24.0,4.0,27.0,85.0,358.0,0.0,2.6
2022-08-31,12,30.0,20.0,24.0,4.0,27.0,85.0,2.0,0.0,2.7
2022-08-31,13,30.0,20.0,26.0,4.0,27.0,75.0,357.0,0.0,2.2
2022-08-31,14,30.0,20.0,27.0,4.0,27.0,75.0,355.0,0.0,2.2
2022-08-31,15,30.0,20.0,27.0,4.0,27.0,70.0,357.0,0.0,2.2
2022-08-31,16,30.0,20.0,27.0,4.0,27.0,70.0,355.0,0.0,2.1
2022-08-31,17,30.0,20.0,26.0,4.0,27.0,70.0,347.0,0.0,1.8
2022-08-31,18,30.0,20.0,25.0,4.0,27.0,75.0,339.0,0.0,1.7
2022-08-31,19,30.0,20.0,24.0,4.0,27.0,80.0,328.0,0.0,1.3
2022-08-31,20,30.0,20.0,23.0,4.0,27.0,85.0,328.0,0.0,1.5
2022-08-31,21,30.0,20.0,23.0,4.0,27.0,85.0,330.0,0.0,1.4
2022-08-31,22,30.0,20.0,22.0,4.0,27.0,90.0,349.0,0.0,1.0
2022-08-31,23,30.0,20.0,22.0,4.0,27.0,95.0,17.0,0.0,1.0
